trade_date,close,decision,reason,position_state,entry_date,entry_price,structural_stop,position_fraction
2021-07-11,716.0,WAIT,no qualifying breakout,NO_POSITION,,,,1.0
2021-07-12,712.0,WAIT,no qualifying breakout,NO_POSITION,,,,1.0
2021-07-13,709.0,WAIT,no qualifying breakout,NO_POSITION,,,,1.0
2021-07-14,708.0,WAIT,no qualifying breakout,NO_POSITION,,,,1.0
2021-07-15,711.0,WAIT,no qualifying breakout,NO_POSITION,,,,1.0
2021-07-25,716.0,WAIT,no qualifying breakout,NO_POSITION,,,,1.0
2021-07-26,718.0,WAIT,no qualifying breakout,NO_POSITION,,,,1.0
2021-07-27,725.0,WAIT,no qualifying breakout,NO_POSITION,,,,1.0
2021-07-28,726.0,WAIT,no qualifying breakout,NO_POSITION,,,,1.0
2021-07-29,722.0,WAIT,no qualifying breakout,NO_POSITION,,,,1.0
2021-08-01,723.0,WAIT,no qualifying breakout,NO_POSITION,,,,1.0
2021-08-02,725.0,WAIT,no qualifying breakout,NO_POSITION,,,,1.0
2021-08-03,737.0,WAIT,no qualifying breakout,NO_POSITION,,,,1.0
2021-08-04,738.0,WAIT,no qualifying breakout,NO_POSITION,,,,1.0
2021-08-05,738.0,WAIT,no qualifying breakout,NO_POSITION,,,,1.0
2021-08-10,744.0,WAIT,no qualifying breakout,NO_POSITION,,,,1.0
2021-08-11,740.0,WAIT,no qualifying breakout,NO_POSITION,,,,1.0
2021-08-12,738.0,WAIT,no qualifying breakout,NO_POSITION,,,,1.0
2021-08-15,733.0,WAIT,no qualifying breakout,NO_POSITION,,,,1.0
2021-08-16,730.0,WAIT,no qualifying breakout,NO_POSITION,,,,1.0
2021-08-17,737.0,WAIT,no qualifying breakout,NO_POSITION,,,,1.0
2021-08-18,736.0,WAIT,no qualifying breakout,NO_POSITION,,,,1.0
2021-08-19,736.0,WAIT,no qualifying breakout,NO_POSITION,,,,1.0
2021-08-22,735.0,WAIT,no qualifying breakout,NO_POSITION,,,,1.0
2021-08-23,734.0,WAIT,no qualifying breakout,NO_POSITION,,,,1.0
2021-08-24,738.0,WAIT,no qualifying breakout,NO_POSITION,,,,1.0
2021-08-25,751.0,WAIT,no qualifying breakout,NO_POSITION,,,,1.0
2021-08-26,757.0,WAIT,no qualifying breakout,NO_POSITION,,,,1.0
2021-08-29,762.0,WAIT,no qualifying breakout,NO_POSITION,,,,1.0
2021-08-30,773.0,WAIT,no qualifying breakout,NO_POSITION,,,,1.0
2021-08-31,772.0,WAIT,no qualifying breakout,NO_POSITION,,,,1.0
2021-09-01,782.0,WAIT,no qualifying breakout,NO_POSITION,,,,1.0
2021-09-02,786.0,WAIT,no qualifying breakout,NO_POSITION,,,,1.0
2021-09-05,782.0,WAIT,no qualifying breakout,NO_POSITION,,,,1.0
2021-09-06,785.0,WAIT,no qualifying breakout,NO_POSITION,,,,1.0
2021-09-07,785.0,WAIT,no qualifying breakout,NO_POSITION,,,,1.0
2021-09-08,780.0,WAIT,no qualifying breakout,NO_POSITION,,,,1.0
2021-09-09,785.0,WAIT,no qualifying breakout,NO_POSITION,,,,1.0
2021-09-12,785.0,WAIT,no qualifying breakout,NO_POSITION,,,,1.0
2021-09-13,785.0,WAIT,no qualifying breakout,NO_POSITION,,,,1.0
2021-09-14,785.0,WAIT,no qualifying breakout,NO_POSITION,,,,1.0
2021-09-15,790.0,WAIT,no qualifying breakout,NO_POSITION,,,,1.0
2021-09-16,799.0,BUY,"fresh 40-session high, close 799.000 broke ceiling 790.000",IN_POSITION,2021-09-16,799.0,768.8973617945906,1.0
2021-09-19,801.0,HOLD,close 801.000 above trailing stop 768.897,IN_POSITION,2021-09-16,799.0,768.8973617945906,1.0
2021-09-20,785.0,HOLD,close 785.000 above trailing stop 768.897,IN_POSITION,2021-09-16,799.0,768.8973617945906,1.0
2021-09-21,786.0,HOLD,close 786.000 above trailing stop 768.897,IN_POSITION,2021-09-16,799.0,768.8973617945906,1.0
2021-09-22,777.0,HOLD,close 777.000 above trailing stop 768.897,IN_POSITION,2021-09-16,799.0,768.8973617945906,1.0
2021-09-23,781.0,HOLD,close 781.000 above trailing stop 768.897,IN_POSITION,2021-09-16,799.0,768.8973617945906,1.0
2021-09-26,785.0,HOLD,close 785.000 above trailing stop 768.897,IN_POSITION,2021-09-16,799.0,768.8973617945906,1.0
2021-09-27,779.0,HOLD,close 779.000 above trailing stop 768.897,IN_POSITION,2021-09-16,799.0,768.8973617945906,1.0
2021-09-28,770.0,HOLD,close 770.000 above trailing stop 768.897,IN_POSITION,2021-09-16,799.0,768.8973617945906,1.0
2021-09-29,766.0,SELL_SIGNAL,close 766.000 broke trailing stop 768.897 (chandelier 3.5x ATR14 off high 801.000),EXIT_SIGNAL,2021-09-16,799.0,768.8973617945906,1.0
2021-09-30,770.0,WAIT,no qualifying breakout,NO_POSITION,,,,1.0
2021-10-03,770.0,WAIT,no qualifying breakout,NO_POSITION,,,,1.0
2021-10-04,769.0,WAIT,no qualifying breakout,NO_POSITION,,,,1.0
2021-10-05,773.0,WAIT,no qualifying breakout,NO_POSITION,,,,1.0
2021-10-06,769.0,WAIT,no qualifying breakout,NO_POSITION,,,,1.0
2021-10-07,767.0,WAIT,no qualifying breakout,NO_POSITION,,,,1.0
2021-10-10,764.0,WAIT,no qualifying breakout,NO_POSITION,,,,1.0
2021-10-11,761.0,WAIT,no qualifying breakout,NO_POSITION,,,,1.0
2021-10-12,759.0,WAIT,no qualifying breakout,NO_POSITION,,,,1.0
2021-10-13,760.0,WAIT,no qualifying breakout,NO_POSITION,,,,1.0
2021-10-14,759.0,WAIT,no qualifying breakout,NO_POSITION,,,,1.0
2021-10-17,762.0,WAIT,no qualifying breakout,NO_POSITION,,,,1.0
2021-10-18,765.0,WAIT,no qualifying breakout,NO_POSITION,,,,1.0
2021-10-19,773.0,WAIT,no qualifying breakout,NO_POSITION,,,,1.0
2021-10-20,774.0,WAIT,no qualifying breakout,NO_POSITION,,,,1.0
2021-10-24,774.0,WAIT,no qualifying breakout,NO_POSITION,,,,1.0
2021-10-25,789.0,BUY,EMA10 crossed above EMA30 with close 789.000 above EMA50 764.807 (intermediate trend turned),IN_POSITION,2021-10-25,789.0,757.3640351699526,1.0
2021-10-26,784.0,HOLD,close 784.000 above trailing stop 757.874,IN_POSITION,2021-10-25,789.0,757.8737469435274,1.0
2021-10-27,786.0,HOLD,close 786.000 above trailing stop 759.097,IN_POSITION,2021-10-25,789.0,759.0970507332754,1.0
2021-10-28,787.0,HOLD,close 787.000 above trailing stop 759.483,IN_POSITION,2021-10-25,789.0,759.4829756808986,1.0
2021-10-31,788.0,HOLD,close 788.000 above trailing stop 760.091,IN_POSITION,2021-10-25,789.0,760.0913345608344,1.0
2021-11-01,790.0,HOLD,close 790.000 above trailing stop 761.156,IN_POSITION,2021-10-25,789.0,761.1562392350605,1.0
2021-11-02,796.0,HOLD,close 796.000 above trailing stop 766.967,IN_POSITION,2021-10-25,789.0,766.9665078611276,1.0
2021-11-03,800.0,HOLD,close 800.000 above trailing stop 771.040,IN_POSITION,2021-10-25,789.0,771.0403287281899,1.0
2021-11-04,809.0,HOLD,close 809.000 above trailing stop 778.359,IN_POSITION,2021-10-25,789.0,778.3588766761764,1.0
2021-11-07,817.0,HOLD,close 817.000 above trailing stop 783.298,IN_POSITION,2021-10-25,789.0,783.2975283421638,1.0
2021-11-08,824.0,HOLD,close 824.000 above trailing stop 789.955,IN_POSITION,2021-10-25,789.0,789.954847746295,1.0
2021-11-09,836.0,HOLD,close 836.000 above trailing stop 800.137,IN_POSITION,2021-10-25,789.0,800.1366443358453,1.0
2021-11-10,854.0,HOLD,close 854.000 above trailing stop 812.698,IN_POSITION,2021-10-25,789.0,812.6983125975706,1.0
2021-11-11,857.0,HOLD,close 857.000 above trailing stop 812.698,IN_POSITION,2021-10-25,789.0,812.6983125975706,1.0
2021-11-14,850.0,HOLD,close 850.000 above trailing stop 812.698,IN_POSITION,2021-10-25,789.0,812.6983125975706,1.0
2021-11-15,832.0,HOLD,close 832.000 above trailing stop 812.698,IN_POSITION,2021-10-25,789.0,812.6983125975706,1.0
2021-11-16,841.0,HOLD,close 841.000 above trailing stop 812.698,IN_POSITION,2021-10-25,789.0,812.6983125975706,1.0
2021-11-17,831.0,HOLD,close 831.000 above trailing stop 812.698,IN_POSITION,2021-10-25,789.0,812.6983125975706,1.0
2021-11-18,838.0,HOLD,close 838.000 above trailing stop 812.698,IN_POSITION,2021-10-25,789.0,812.6983125975706,1.0
2021-11-21,832.0,HOLD,close 832.000 above trailing stop 812.698,IN_POSITION,2021-10-25,789.0,812.6983125975706,1.0
2021-11-22,820.0,HOLD,close 820.000 above trailing stop 812.698,IN_POSITION,2021-10-25,789.0,812.6983125975706,1.0
2021-11-23,816.0,HOLD,close 816.000 above trailing stop 812.698,IN_POSITION,2021-10-25,789.0,812.6983125975706,1.0
2021-11-24,800.0,SELL_SIGNAL,close 800.000 broke trailing stop 812.698 (chandelier 3.5x ATR14 off high 857.000),EXIT_SIGNAL,2021-10-25,789.0,812.6983125975706,1.0
2021-11-25,800.0,WAIT,no qualifying breakout,NO_POSITION,,,,1.0
2021-11-28,777.0,WAIT,no qualifying breakout,NO_POSITION,,,,1.0
2021-11-29,779.0,WAIT,no qualifying breakout,NO_POSITION,,,,1.0
2021-11-30,780.0,WAIT,no qualifying breakout,NO_POSITION,,,,1.0
2021-12-01,792.0,WAIT,no qualifying breakout,NO_POSITION,,,,1.0
2021-12-02,807.0,WAIT,no qualifying breakout,NO_POSITION,,,,1.0
2021-12-05,817.0,WAIT,no qualifying breakout,NO_POSITION,,,,1.0
2021-12-06,812.0,WAIT,no qualifying breakout,NO_POSITION,,,,1.0
2021-12-07,814.0,WAIT,no qualifying breakout,NO_POSITION,,,,1.0
2021-12-08,813.0,WAIT,no qualifying breakout,NO_POSITION,,,,1.0
2021-12-09,813.0,WAIT,no qualifying breakout,NO_POSITION,,,,1.0
2021-12-12,814.0,WAIT,no qualifying breakout,NO_POSITION,,,,1.0
2021-12-13,808.0,WAIT,no qualifying breakout,NO_POSITION,,,,1.0
2021-12-14,810.0,WAIT,no qualifying breakout,NO_POSITION,,,,1.0
2021-12-15,812.0,WAIT,no qualifying breakout,NO_POSITION,,,,1.0
2021-12-16,809.0,WAIT,no qualifying breakout,NO_POSITION,,,,1.0
2021-12-19,805.0,WAIT,no qualifying breakout,NO_POSITION,,,,1.0
2021-12-20,802.0,WAIT,no qualifying breakout,NO_POSITION,,,,1.0
2021-12-21,810.0,WAIT,no qualifying breakout,NO_POSITION,,,,1.0
2021-12-22,810.0,WAIT,no qualifying breakout,NO_POSITION,,,,1.0
2021-12-23,805.0,WAIT,no qualifying breakout,NO_POSITION,,,,1.0
2021-12-26,806.0,WAIT,no qualifying breakout,NO_POSITION,,,,1.0
2021-12-27,800.0,WAIT,no qualifying breakout,NO_POSITION,,,,1.0
2021-12-28,802.0,WAIT,no qualifying breakout,NO_POSITION,,,,1.0
2021-12-29,792.0,WAIT,no qualifying breakout,NO_POSITION,,,,1.0
2021-12-30,793.0,WAIT,no qualifying breakout,NO_POSITION,,,,1.0
2022-01-03,782.0,WAIT,no qualifying breakout,NO_POSITION,,,,1.0
2022-01-04,779.0,WAIT,no qualifying breakout,NO_POSITION,,,,1.0
2022-01-05,793.0,WAIT,no qualifying breakout,NO_POSITION,,,,1.0
2022-01-06,798.0,WAIT,no qualifying breakout,NO_POSITION,,,,1.0
2022-01-09,810.0,WAIT,no qualifying breakout,NO_POSITION,,,,1.0
2022-01-10,813.0,WAIT,no qualifying breakout,NO_POSITION,,,,1.0
2022-01-11,812.0,WAIT,no qualifying breakout,NO_POSITION,,,,1.0
2022-01-12,828.0,BUY,EMA10 crossed above EMA30 with close 828.000 above EMA50 801.933 (intermediate trend turned),IN_POSITION,2022-01-12,828.0,787.9399950511465,1.0
2022-01-13,827.0,HOLD,close 827.000 above trailing stop 788.051,IN_POSITION,2022-01-12,828.0,788.0514239760647,1.0
2022-01-16,835.0,HOLD,close 835.000 above trailing stop 794.905,IN_POSITION,2022-01-12,828.0,794.90489369206,1.0
2022-01-17,834.0,HOLD,close 834.000 above trailing stop 796.019,IN_POSITION,2022-01-12,828.0,796.0188298569129,1.0
2022-01-18,830.0,HOLD,close 830.000 above trailing stop 796.553,IN_POSITION,2022-01-12,828.0,796.5531991528477,1.0
2022-01-19,820.0,HOLD,close 820.000 above trailing stop 796.553,IN_POSITION,2022-01-12,828.0,796.5531991528477,1.0
2022-01-20,820.0,HOLD,close 820.000 above trailing stop 798.296,IN_POSITION,2022-01-12,828.0,798.2958706981186,1.0
2022-01-23,820.0,HOLD,close 820.000 above trailing stop 798.296,IN_POSITION,2022-01-12,828.0,798.2958706981186,1.0
2022-01-24,817.0,HOLD,close 817.000 above trailing stop 799.084,IN_POSITION,2022-01-12,828.0,799.0841946325615,1.0
2022-01-25,815.0,HOLD,close 815.000 above trailing stop 799.400,IN_POSITION,2022-01-12,828.0,799.3996093016642,1.0
2022-01-26,812.0,HOLD,close 812.000 above trailing stop 799.692,IN_POSITION,2022-01-12,828.0,799.6924943515454,1.0
2022-01-27,819.0,HOLD,close 819.000 above trailing stop 799.964,IN_POSITION,2022-01-12,828.0,799.9644590407207,1.0
2022-01-30,819.0,HOLD,close 819.000 above trailing stop 800.467,IN_POSITION,2022-01-12,828.0,800.4669976806692,1.0
2022-01-31,825.0,HOLD,close 825.000 above trailing stop 800.467,IN_POSITION,2022-01-12,828.0,800.4669976806692,1.0
2022-02-01,818.0,HOLD,close 818.000 above trailing stop 800.688,IN_POSITION,2022-01-12,828.0,800.6883806532301,1.0
2022-02-02,813.0,HOLD,close 813.000 above trailing stop 800.688,IN_POSITION,2022-01-12,828.0,800.6883806532301,1.0
2022-02-03,813.0,HOLD,close 813.000 above trailing stop 800.688,IN_POSITION,2022-01-12,828.0,800.6883806532301,1.0
2022-02-06,807.0,HOLD,close 807.000 above trailing stop 800.688,IN_POSITION,2022-01-12,828.0,800.6883806532301,1.0
2022-02-07,803.0,HOLD,close 803.000 above trailing stop 800.688,IN_POSITION,2022-01-12,828.0,800.6883806532301,1.0
2022-02-08,802.0,HOLD,close 802.000 above trailing stop 800.688,IN_POSITION,2022-01-12,828.0,800.6883806532301,1.0
2022-02-09,801.0,HOLD,close 801.000 above trailing stop 800.688,IN_POSITION,2022-01-12,828.0,800.6883806532301,1.0
2022-02-10,811.0,HOLD,close 811.000 above trailing stop 800.688,IN_POSITION,2022-01-12,828.0,800.6883806532301,1.0
2022-02-13,804.0,HOLD,close 804.000 above trailing stop 800.695,IN_POSITION,2022-01-12,828.0,800.6945616366474,1.0
2022-02-14,808.0,HOLD,close 808.000 above trailing stop 800.895,IN_POSITION,2022-01-12,828.0,800.8949500911726,1.0
2022-02-15,810.0,HOLD,close 810.000 above trailing stop 801.831,IN_POSITION,2022-01-12,828.0,801.8310250846604,1.0
2022-02-16,814.0,HOLD,close 814.000 above trailing stop 801.950,IN_POSITION,2022-01-12,828.0,801.9502375786132,1.0
2022-02-17,820.0,HOLD,close 820.000 above trailing stop 801.950,IN_POSITION,2022-01-12,828.0,801.9502375786132,1.0
2022-02-20,822.0,HOLD,close 822.000 above trailing stop 802.717,IN_POSITION,2022-01-12,828.0,802.7172966876817,1.0
2022-02-21,828.0,HOLD,close 828.000 above trailing stop 803.023,IN_POSITION,2022-01-12,828.0,803.0232040671331,1.0
2022-02-22,835.0,HOLD,close 835.000 above trailing stop 803.023,IN_POSITION,2022-01-12,828.0,803.0232040671331,1.0
2022-02-23,845.0,HOLD,close 845.000 above trailing stop 810.910,IN_POSITION,2022-01-12,828.0,810.9103137109464,1.0
2022-02-24,848.0,HOLD,close 848.000 above trailing stop 811.345,IN_POSITION,2022-01-12,828.0,811.3452913030217,1.0
2022-03-02,882.0,HOLD,close 882.000 above trailing stop 837.713,IN_POSITION,2022-01-12,828.0,837.7134847813772,1.0
2022-03-03,886.0,HOLD,close 886.000 above trailing stop 837.713,IN_POSITION,2022-01-12,828.0,837.7134847813772,1.0
2022-03-06,882.0,HOLD,close 882.000 above trailing stop 837.713,IN_POSITION,2022-01-12,828.0,837.7134847813772,1.0
2022-03-07,880.0,HOLD,close 880.000 above trailing stop 837.713,IN_POSITION,2022-01-12,828.0,837.7134847813772,1.0
2022-03-08,881.0,HOLD,close 881.000 above trailing stop 838.601,IN_POSITION,2022-01-12,828.0,838.6006179415065,1.0
2022-03-09,878.0,HOLD,close 878.000 above trailing stop 838.986,IN_POSITION,2022-01-12,828.0,838.9862880885418,1.0
2022-03-10,903.0,HOLD,close 903.000 above trailing stop 850.844,IN_POSITION,2022-01-12,828.0,850.8444103679317,1.0
2022-03-13,906.0,HOLD,close 906.000 above trailing stop 854.570,IN_POSITION,2022-01-12,828.0,854.5698096273651,1.0
2022-03-14,909.0,HOLD,close 909.000 above trailing stop 859.243,IN_POSITION,2022-01-12,828.0,859.2433946539819,1.0
2022-03-15,891.0,HOLD,close 891.000 above trailing stop 859.243,IN_POSITION,2022-01-12,828.0,859.2433946539819,1.0
2022-03-16,905.0,HOLD,close 905.000 above trailing stop 859.243,IN_POSITION,2022-01-12,828.0,859.2433946539819,1.0
2022-03-17,905.0,HOLD,close 905.000 above trailing stop 859.243,IN_POSITION,2022-01-12,828.0,859.2433946539819,1.0
2022-03-20,904.0,HOLD,close 904.000 above trailing stop 859.435,IN_POSITION,2022-01-12,828.0,859.4353939689811,1.0
2022-03-21,902.0,HOLD,close 902.000 above trailing stop 861.226,IN_POSITION,2022-01-12,828.0,861.2257229711967,1.0
2022-03-22,908.0,HOLD,close 908.000 above trailing stop 863.138,IN_POSITION,2022-01-12,828.0,863.138171330397,1.0
2022-03-23,910.0,HOLD,close 910.000 above trailing stop 863.664,IN_POSITION,2022-01-12,828.0,863.6640162353685,1.0
2022-03-24,928.0,HOLD,close 928.000 above trailing stop 878.724,IN_POSITION,2022-01-12,828.0,878.7237293614137,1.0
2022-03-27,918.0,HOLD,close 918.000 above trailing stop 879.243,IN_POSITION,2022-01-12,828.0,879.2434629784556,1.0
2022-03-28,923.0,HOLD,close 923.000 above trailing stop 879.243,IN_POSITION,2022-01-12,828.0,879.2434629784556,1.0
2022-03-29,924.0,HOLD,close 924.000 above trailing stop 880.460,IN_POSITION,2022-01-12,828.0,880.4599247110152,1.0
2022-03-30,920.0,HOLD,close 920.000 above trailing stop 880.460,IN_POSITION,2022-01-12,828.0,880.4599247110152,1.0
2022-03-31,919.0,HOLD,close 919.000 above trailing stop 881.259,IN_POSITION,2022-01-12,828.0,881.2588126334774,1.0
2022-04-03,913.0,HOLD,close 913.000 above trailing stop 881.259,IN_POSITION,2022-01-12,828.0,881.2588126334774,1.0
2022-04-04,850.0,SELL_SIGNAL,close 850.000 broke trailing stop 881.259 (chandelier 3.5x ATR14 off high 928.000),EXIT_SIGNAL,2022-01-12,828.0,881.2588126334774,1.0
2022-04-05,872.0,WAIT,no qualifying breakout,NO_POSITION,,,,1.0
2022-04-06,882.0,WAIT,no qualifying breakout,NO_POSITION,,,,1.0
2022-04-07,879.0,WAIT,no qualifying breakout,NO_POSITION,,,,1.0
2022-04-10,879.0,WAIT,no qualifying breakout,NO_POSITION,,,,1.0
2022-04-11,875.0,WAIT,no qualifying breakout,NO_POSITION,,,,1.0
2022-04-12,865.0,WAIT,no qualifying breakout,NO_POSITION,,,,1.0
2022-04-13,869.0,WAIT,no qualifying breakout,NO_POSITION,,,,1.0
2022-04-14,867.0,WAIT,no qualifying breakout,NO_POSITION,,,,1.0
2022-04-17,869.0,WAIT,no qualifying breakout,NO_POSITION,,,,1.0
2022-04-18,855.0,WAIT,no qualifying breakout,NO_POSITION,,,,1.0
2022-04-19,865.0,WAIT,no qualifying breakout,NO_POSITION,,,,1.0
2022-04-20,860.0,WAIT,no qualifying breakout,NO_POSITION,,,,1.0
2022-04-21,850.0,WAIT,no qualifying breakout,NO_POSITION,,,,1.0
2022-04-24,850.0,WAIT,no qualifying breakout,NO_POSITION,,,,1.0
2022-04-25,851.0,WAIT,no qualifying breakout,NO_POSITION,,,,1.0
2022-04-26,848.0,WAIT,no qualifying breakout,NO_POSITION,,,,1.0
2022-04-27,840.0,WAIT,no qualifying breakout,NO_POSITION,,,,1.0
2022-04-28,835.0,WAIT,no qualifying breakout,NO_POSITION,,,,1.0
2022-05-05,827.0,WAIT,no qualifying breakout,NO_POSITION,,,,1.0
2022-05-08,825.0,WAIT,no qualifying breakout,NO_POSITION,,,,1.0
2022-05-09,820.0,WAIT,no qualifying breakout,NO_POSITION,,,,1.0
2022-05-10,805.0,WAIT,no qualifying breakout,NO_POSITION,,,,1.0
2022-05-11,793.0,WAIT,no qualifying breakout,NO_POSITION,,,,1.0
2022-05-12,749.0,WAIT,no qualifying breakout,NO_POSITION,,,,1.0
2022-05-16,744.0,WAIT,no qualifying breakout,NO_POSITION,,,,1.0
2022-05-17,737.0,WAIT,no qualifying breakout,NO_POSITION,,,,1.0
2022-05-18,795.0,WAIT,no qualifying breakout,NO_POSITION,,,,1.0
2022-05-19,776.0,WAIT,no qualifying breakout,NO_POSITION,,,,1.0
2022-05-22,780.0,WAIT,no qualifying breakout,NO_POSITION,,,,1.0
2022-05-23,782.0,WAIT,no qualifying breakout,NO_POSITION,,,,1.0
2022-05-24,768.0,WAIT,no qualifying breakout,NO_POSITION,,,,1.0
2022-05-25,800.0,WAIT,no qualifying breakout,NO_POSITION,,,,1.0
2022-05-26,800.0,WAIT,no qualifying breakout,NO_POSITION,,,,1.0
2022-05-29,806.0,WAIT,no qualifying breakout,NO_POSITION,,,,1.0
2022-05-30,831.0,WAIT,no qualifying breakout,NO_POSITION,,,,1.0
2022-05-31,838.0,WAIT,no qualifying breakout,NO_POSITION,,,,1.0
2022-06-01,826.0,WAIT,no qualifying breakout,NO_POSITION,,,,1.0
2022-06-02,813.0,WAIT,no qualifying breakout,NO_POSITION,,,,1.0
2022-06-05,804.0,WAIT,no qualifying breakout,NO_POSITION,,,,1.0
2022-06-06,802.0,WAIT,no qualifying breakout,NO_POSITION,,,,1.0
2022-06-07,802.0,WAIT,no qualifying breakout,NO_POSITION,,,,1.0
2022-06-08,794.0,WAIT,no qualifying breakout,NO_POSITION,,,,1.0
2022-06-09,794.0,WAIT,no qualifying breakout,NO_POSITION,,,,1.0
2022-06-12,781.0,WAIT,no qualifying breakout,NO_POSITION,,,,1.0
2022-06-13,776.0,WAIT,no qualifying breakout,NO_POSITION,,,,1.0
2022-06-14,770.0,WAIT,no qualifying breakout,NO_POSITION,,,,1.0
2022-06-15,768.0,WAIT,no qualifying breakout,NO_POSITION,,,,1.0
2022-06-16,772.0,WAIT,no qualifying breakout,NO_POSITION,,,,1.0
2022-06-19,745.0,WAIT,no qualifying breakout,NO_POSITION,,,,1.0
2022-06-20,737.0,WAIT,no qualifying breakout,NO_POSITION,,,,1.0
2022-06-21,742.0,WAIT,no qualifying breakout,NO_POSITION,,,,1.0
2022-06-22,735.0,WAIT,no qualifying breakout,NO_POSITION,,,,1.0
2022-06-23,741.0,WAIT,no qualifying breakout,NO_POSITION,,,,1.0
2022-06-26,752.0,WAIT,no qualifying breakout,NO_POSITION,,,,1.0
2022-06-27,747.0,WAIT,no qualifying breakout,NO_POSITION,,,,1.0
2022-06-28,747.0,WAIT,no qualifying breakout,NO_POSITION,,,,1.0
2022-06-29,757.0,WAIT,no qualifying breakout,NO_POSITION,,,,1.0
2022-06-30,753.0,WAIT,no qualifying breakout,NO_POSITION,,,,1.0
2022-07-03,769.0,WAIT,no qualifying breakout,NO_POSITION,,,,1.0
2022-07-04,764.0,WAIT,no qualifying breakout,NO_POSITION,,,,1.0
2022-07-05,766.0,WAIT,no qualifying breakout,NO_POSITION,,,,1.0
2022-07-06,770.0,WAIT,no qualifying breakout,NO_POSITION,,,,1.0
2022-07-07,774.0,WAIT,no qualifying breakout,NO_POSITION,,,,1.0
2022-07-14,780.0,WAIT,no qualifying breakout,NO_POSITION,,,,1.0
2022-07-17,773.0,WAIT,no qualifying breakout,NO_POSITION,,,,1.0
2022-07-18,777.0,WAIT,no qualifying breakout,NO_POSITION,,,,1.0
2022-07-19,781.0,WAIT,no qualifying breakout,NO_POSITION,,,,1.0
2022-07-20,798.0,BUY,EMA10 crossed above EMA30 with close 798.000 above EMA50 786.260 (intermediate trend turned),IN_POSITION,2022-07-20,798.0,740.9635807010932,1.0
2022-07-21,807.0,HOLD,close 807.000 above trailing stop 749.038,IN_POSITION,2022-07-20,798.0,749.0376106510151,1.0
2022-07-24,806.0,HOLD,close 806.000 above trailing stop 749.038,IN_POSITION,2022-07-20,798.0,749.0376106510151,1.0
2022-07-25,808.0,HOLD,close 808.000 above trailing stop 751.594,IN_POSITION,2022-07-20,798.0,751.5936540817427,1.0
2022-07-26,815.0,HOLD,close 815.000 above trailing stop 759.123,IN_POSITION,2022-07-20,798.0,759.1226787901896,1.0
2022-07-27,825.0,HOLD,close 825.000 above trailing stop 767.364,IN_POSITION,2022-07-20,798.0,767.3639160194617,1.0
2022-07-28,814.0,HOLD,close 814.000 above trailing stop 768.731,IN_POSITION,2022-07-20,798.0,768.7307791609288,1.0
2022-08-01,815.0,HOLD,close 815.000 above trailing stop 770.250,IN_POSITION,2022-07-20,798.0,770.2500092208625,1.0
2022-08-02,815.0,HOLD,close 815.000 above trailing stop 771.661,IN_POSITION,2022-07-20,798.0,771.6607228479437,1.0
2022-08-03,806.0,HOLD,close 806.000 above trailing stop 772.471,IN_POSITION,2022-07-20,798.0,772.4706712159477,1.0
2022-08-04,809.0,HOLD,close 809.000 above trailing stop 774.723,IN_POSITION,2022-07-20,798.0,774.7227661290943,1.0
2022-08-07,809.0,HOLD,close 809.000 above trailing stop 776.314,IN_POSITION,2022-07-20,798.0,776.3139971198733,1.0
2022-08-08,813.0,HOLD,close 813.000 above trailing stop 777.792,IN_POSITION,2022-07-20,798.0,777.791568754168,1.0
2022-08-09,807.0,HOLD,close 807.000 above trailing stop 778.664,IN_POSITION,2022-07-20,798.0,778.6635995574418,1.0
2022-08-10,805.0,HOLD,close 805.000 above trailing stop 778.723,IN_POSITION,2022-07-20,798.0,778.7233424461959,1.0
2022-08-11,808.0,HOLD,close 808.000 above trailing stop 781.029,IN_POSITION,2022-07-20,798.0,781.0288179857533,1.0
2022-08-14,802.0,HOLD,close 802.000 above trailing stop 782.670,IN_POSITION,2022-07-20,798.0,782.6696167010567,1.0
2022-08-15,801.0,HOLD,close 801.000 above trailing stop 782.693,IN_POSITION,2022-07-20,798.0,782.693215508124,1.0
2022-08-16,799.0,HOLD,close 799.000 above trailing stop 782.693,IN_POSITION,2022-07-20,798.0,782.693215508124,1.0
2022-08-17,806.0,HOLD,close 806.000 above trailing stop 782.807,IN_POSITION,2022-07-20,798.0,782.8069052085356,1.0
2022-08-18,801.0,HOLD,close 801.000 above trailing stop 783.821,IN_POSITION,2022-07-20,798.0,783.8206976936401,1.0
2022-08-21,809.0,HOLD,close 809.000 above trailing stop 784.512,IN_POSITION,2022-07-20,798.0,784.5120764298086,1.0
2022-08-22,811.0,HOLD,close 811.000 above trailing stop 784.512,IN_POSITION,2022-07-20,798.0,784.5120764298086,1.0
2022-08-23,820.0,HOLD,close 820.000 above trailing stop 784.512,IN_POSITION,2022-07-20,798.0,784.5120764298086,1.0
2022-08-24,820.0,HOLD,close 820.000 above trailing stop 784.512,IN_POSITION,2022-07-20,798.0,784.5120764298086,1.0
2022-08-25,825.0,HOLD,close 825.000 above trailing stop 784.512,IN_POSITION,2022-07-20,798.0,784.5120764298086,1.0
2022-08-28,819.0,HOLD,close 819.000 above trailing stop 784.512,IN_POSITION,2022-07-20,798.0,784.5120764298086,1.0
2022-08-29,829.0,HOLD,close 829.000 above trailing stop 786.940,IN_POSITION,2022-07-20,798.0,786.940300586927,1.0
2022-08-30,830.0,HOLD,close 830.000 above trailing stop 788.945,IN_POSITION,2022-07-20,798.0,788.944564830718,1.0
2022-08-31,829.0,HOLD,close 829.000 above trailing stop 789.377,IN_POSITION,2022-07-20,798.0,789.3770959142381,1.0
2022-09-01,821.0,HOLD,close 821.000 above trailing stop 789.779,IN_POSITION,2022-07-20,798.0,789.778731920364,1.0
2022-09-04,819.0,HOLD,close 819.000 above trailing stop 789.779,IN_POSITION,2022-07-20,798.0,789.778731920364,1.0
2022-09-05,820.0,HOLD,close 820.000 above trailing stop 789.779,IN_POSITION,2022-07-20,798.0,789.778731920364,1.0
2022-09-06,831.0,HOLD,close 831.000 above trailing stop 789.779,IN_POSITION,2022-07-20,798.0,789.778731920364,1.0
2022-09-07,835.0,HOLD,close 835.000 above trailing stop 793.042,IN_POSITION,2022-07-20,798.0,793.0420882543085,1.0
2022-09-08,845.0,HOLD,close 845.000 above trailing stop 801.539,IN_POSITION,2022-07-20,798.0,801.5390819504294,1.0
2022-09-11,852.0,HOLD,close 852.000 above trailing stop 804.143,IN_POSITION,2022-07-20,798.0,804.1434332396843,1.0
2022-09-12,859.0,HOLD,close 859.000 above trailing stop 809.562,IN_POSITION,2022-07-20,798.0,809.5617594368498,1.0
2022-09-13,864.0,HOLD,close 864.000 above trailing stop 815.593,IN_POSITION,2022-07-20,798.0,815.5930623342176,1.0
2022-09-14,858.0,HOLD,close 858.000 above trailing stop 815.593,IN_POSITION,2022-07-20,798.0,815.5930623342176,1.0
2022-09-15,910.0,HOLD,close 910.000 above trailing stop 851.511,IN_POSITION,2022-07-20,798.0,851.511364971851,1.0
2022-09-18,889.0,HOLD,close 889.000 above trailing stop 851.511,IN_POSITION,2022-07-20,798.0,851.511364971851,1.0
2022-09-19,890.0,HOLD,close 890.000 above trailing stop 851.511,IN_POSITION,2022-07-20,798.0,851.511364971851,1.0
2022-09-20,901.0,HOLD,close 901.000 above trailing stop 851.511,IN_POSITION,2022-07-20,798.0,851.511364971851,1.0
2022-09-21,896.0,HOLD,close 896.000 above trailing stop 851.511,IN_POSITION,2022-07-20,798.0,851.511364971851,1.0
2022-09-22,887.0,HOLD,close 887.000 above trailing stop 851.511,IN_POSITION,2022-07-20,798.0,851.511364971851,1.0
2022-09-25,868.0,HOLD,close 868.000 above trailing stop 851.511,IN_POSITION,2022-07-20,798.0,851.511364971851,1.0
2022-09-26,865.0,HOLD,close 865.000 above trailing stop 851.511,IN_POSITION,2022-07-20,798.0,851.511364971851,1.0
2022-09-27,881.0,HOLD,close 881.000 above trailing stop 851.511,IN_POSITION,2022-07-20,798.0,851.511364971851,1.0
2022-09-28,863.0,HOLD,close 863.000 above trailing stop 851.511,IN_POSITION,2022-07-20,798.0,851.511364971851,1.0
2022-10-02,855.0,HOLD,close 855.000 above trailing stop 851.511,IN_POSITION,2022-07-20,798.0,851.511364971851,1.0
2022-10-03,856.0,HOLD,close 856.000 above trailing stop 851.511,IN_POSITION,2022-07-20,798.0,851.511364971851,1.0
2022-10-04,870.0,HOLD,close 870.000 above trailing stop 851.511,IN_POSITION,2022-07-20,798.0,851.511364971851,1.0
2022-10-05,862.0,HOLD,close 862.000 above trailing stop 851.511,IN_POSITION,2022-07-20,798.0,851.511364971851,1.0
2022-10-06,864.0,HOLD,close 864.000 above trailing stop 851.511,IN_POSITION,2022-07-20,798.0,851.511364971851,1.0
2022-10-10,850.0,SELL_SIGNAL,close 850.000 broke trailing stop 851.511 (chandelier 3.5x ATR14 off high 910.000),EXIT_SIGNAL,2022-07-20,798.0,851.511364971851,1.0
2022-10-11,850.0,WAIT,no qualifying breakout,NO_POSITION,,,,1.0
2022-10-12,849.0,WAIT,no qualifying breakout,NO_POSITION,,,,1.0
2022-10-13,840.0,WAIT,no qualifying breakout,NO_POSITION,,,,1.0
2022-10-16,827.0,WAIT,no qualifying breakout,NO_POSITION,,,,1.0
2022-10-17,844.0,WAIT,no qualifying breakout,NO_POSITION,,,,1.0
2022-10-18,855.0,WAIT,no qualifying breakout,NO_POSITION,,,,1.0
2022-10-19,862.0,WAIT,no qualifying breakout,NO_POSITION,,,,1.0
2022-10-20,869.0,WAIT,no qualifying breakout,NO_POSITION,,,,1.0
2022-10-23,875.0,WAIT,no qualifying breakout,NO_POSITION,,,,1.0
2022-10-24,851.0,WAIT,no qualifying breakout,NO_POSITION,,,,1.0
2022-10-25,860.0,WAIT,no qualifying breakout,NO_POSITION,,,,1.0
2022-10-26,867.0,WAIT,no qualifying breakout,NO_POSITION,,,,1.0
2022-10-27,869.0,WAIT,no qualifying breakout,NO_POSITION,,,,1.0
2022-10-30,869.0,WAIT,no qualifying breakout,NO_POSITION,,,,1.0
2022-10-31,872.0,WAIT,no qualifying breakout,NO_POSITION,,,,1.0
2022-11-01,877.0,WAIT,no qualifying breakout,NO_POSITION,,,,1.0
2022-11-02,889.0,WAIT,no qualifying breakout,NO_POSITION,,,,1.0
2022-11-03,875.0,WAIT,no qualifying breakout,NO_POSITION,,,,1.0
2022-11-06,879.0,WAIT,no qualifying breakout,NO_POSITION,,,,1.0
2022-11-07,890.0,WAIT,no qualifying breakout,NO_POSITION,,,,1.0
2022-11-08,901.0,WAIT,no qualifying breakout,NO_POSITION,,,,1.0
2022-11-09,903.0,WAIT,no qualifying breakout,NO_POSITION,,,,1.0
2022-11-10,898.0,WAIT,no qualifying breakout,NO_POSITION,,,,1.0
2022-11-13,901.0,WAIT,no qualifying breakout,NO_POSITION,,,,1.0
2022-11-14,903.0,WAIT,no qualifying breakout,NO_POSITION,,,,1.0
2022-11-15,903.0,WAIT,no qualifying breakout,NO_POSITION,,,,1.0
2022-11-16,893.0,WAIT,no qualifying breakout,NO_POSITION,,,,1.0
2022-11-17,896.0,WAIT,no qualifying breakout,NO_POSITION,,,,1.0
2022-11-20,890.0,WAIT,no qualifying breakout,NO_POSITION,,,,1.0
2022-11-21,879.0,WAIT,no qualifying breakout,NO_POSITION,,,,1.0
2022-11-22,880.0,WAIT,no qualifying breakout,NO_POSITION,,,,1.0
2022-11-23,878.0,WAIT,no qualifying breakout,NO_POSITION,,,,1.0
2022-11-24,883.0,WAIT,no qualifying breakout,NO_POSITION,,,,1.0
2022-11-27,876.0,WAIT,no qualifying breakout,NO_POSITION,,,,1.0
2022-11-28,872.0,WAIT,no qualifying breakout,NO_POSITION,,,,1.0
2022-11-29,867.0,WAIT,no qualifying breakout,NO_POSITION,,,,1.0
2022-11-30,881.0,WAIT,no qualifying breakout,NO_POSITION,,,,1.0
2022-12-01,877.0,WAIT,no qualifying breakout,NO_POSITION,,,,1.0
2022-12-04,877.0,WAIT,no qualifying breakout,NO_POSITION,,,,1.0
2022-12-05,870.0,WAIT,no qualifying breakout,NO_POSITION,,,,1.0
2022-12-06,858.0,WAIT,no qualifying breakout,NO_POSITION,,,,1.0
2022-12-07,858.0,WAIT,no qualifying breakout,NO_POSITION,,,,1.0
2022-12-08,854.0,WAIT,no qualifying breakout,NO_POSITION,,,,1.0
2022-12-11,850.0,WAIT,no qualifying breakout,NO_POSITION,,,,1.0
2022-12-12,849.0,WAIT,no qualifying breakout,NO_POSITION,,,,1.0
2022-12-13,846.0,WAIT,no qualifying breakout,NO_POSITION,,,,1.0
2022-12-14,852.0,WAIT,no qualifying breakout,NO_POSITION,,,,1.0
2022-12-15,859.0,WAIT,no qualifying breakout,NO_POSITION,,,,1.0
2022-12-18,850.0,WAIT,no qualifying breakout,NO_POSITION,,,,1.0
2022-12-19,860.0,WAIT,no qualifying breakout,NO_POSITION,,,,1.0
2022-12-20,855.0,WAIT,no qualifying breakout,NO_POSITION,,,,1.0
2022-12-21,858.0,WAIT,no qualifying breakout,NO_POSITION,,,,1.0
2022-12-22,852.0,WAIT,no qualifying breakout,NO_POSITION,,,,1.0
2022-12-25,845.0,WAIT,no qualifying breakout,NO_POSITION,,,,1.0
2022-12-26,838.0,WAIT,no qualifying breakout,NO_POSITION,,,,1.0
2022-12-27,846.0,WAIT,no qualifying breakout,NO_POSITION,,,,1.0
2022-12-28,848.0,WAIT,no qualifying breakout,NO_POSITION,,,,1.0
2022-12-29,848.0,WAIT,no qualifying breakout,NO_POSITION,,,,1.0
2023-01-02,835.0,WAIT,no qualifying breakout,NO_POSITION,,,,1.0
2023-01-03,831.0,WAIT,no qualifying breakout,NO_POSITION,,,,1.0
2023-01-04,822.0,WAIT,no qualifying breakout,NO_POSITION,,,,1.0
2023-01-05,829.0,WAIT,no qualifying breakout,NO_POSITION,,,,1.0
2023-01-08,826.0,WAIT,no qualifying breakout,NO_POSITION,,,,1.0
2023-01-09,831.0,WAIT,no qualifying breakout,NO_POSITION,,,,1.0
2023-01-10,837.0,WAIT,no qualifying breakout,NO_POSITION,,,,1.0
2023-01-11,832.0,WAIT,no qualifying breakout,NO_POSITION,,,,1.0
2023-01-12,828.0,WAIT,no qualifying breakout,NO_POSITION,,,,1.0
2023-01-15,818.0,WAIT,no qualifying breakout,NO_POSITION,,,,1.0
2023-01-16,830.0,WAIT,no qualifying breakout,NO_POSITION,,,,1.0
2023-01-17,825.0,WAIT,no qualifying breakout,NO_POSITION,,,,1.0
2023-01-18,825.0,WAIT,no qualifying breakout,NO_POSITION,,,,1.0
2023-01-19,831.0,WAIT,no qualifying breakout,NO_POSITION,,,,1.0
2023-01-22,836.0,WAIT,no qualifying breakout,NO_POSITION,,,,1.0
2023-01-23,843.0,WAIT,no qualifying breakout,NO_POSITION,,,,1.0
2023-01-24,850.0,WAIT,no qualifying breakout,NO_POSITION,,,,1.0
2023-01-25,835.0,WAIT,no qualifying breakout,NO_POSITION,,,,1.0
2023-01-26,833.0,WAIT,no qualifying breakout,NO_POSITION,,,,1.0
2023-01-29,840.0,WAIT,no qualifying breakout,NO_POSITION,,,,1.0
2023-01-30,847.0,WAIT,no qualifying breakout,NO_POSITION,,,,1.0
2023-01-31,855.0,WAIT,no qualifying breakout,NO_POSITION,,,,1.0
2023-02-01,853.0,BUY,EMA10 crossed above EMA30 with close 853.000 above EMA50 846.071 (intermediate trend turned),IN_POSITION,2023-02-01,853.0,797.1640581665129,1.0
2023-02-02,849.0,HOLD,close 849.000 above trailing stop 798.902,IN_POSITION,2023-02-01,853.0,798.9023397260476,1.0
2023-02-05,849.0,HOLD,close 849.000 above trailing stop 801.266,IN_POSITION,2023-02-01,853.0,801.2664583170442,1.0
2023-02-06,831.0,HOLD,close 831.000 above trailing stop 801.266,IN_POSITION,2023-02-01,853.0,801.2664583170442,1.0
2023-02-07,841.0,HOLD,close 841.000 above trailing stop 801.266,IN_POSITION,2023-02-01,853.0,801.2664583170442,1.0
2023-02-08,835.0,HOLD,close 835.000 above trailing stop 801.266,IN_POSITION,2023-02-01,853.0,801.2664583170442,1.0
2023-02-09,830.0,HOLD,close 830.000 above trailing stop 802.703,IN_POSITION,2023-02-01,853.0,802.7027622863676,1.0
2023-02-12,830.0,HOLD,close 830.000 above trailing stop 803.795,IN_POSITION,2023-02-01,853.0,803.7954221230557,1.0
2023-02-13,823.0,HOLD,close 823.000 above trailing stop 803.795,IN_POSITION,2023-02-01,853.0,803.7954221230557,1.0
2023-02-14,818.0,HOLD,close 818.000 above trailing stop 803.795,IN_POSITION,2023-02-01,853.0,803.7954221230557,1.0
2023-02-15,811.0,HOLD,close 811.000 above trailing stop 804.371,IN_POSITION,2023-02-01,853.0,804.3706422756389,1.0
2023-02-16,829.0,HOLD,close 829.000 above trailing stop 804.371,IN_POSITION,2023-02-01,853.0,804.3706422756389,1.0
2023-02-20,832.0,HOLD,close 832.000 above trailing stop 804.891,IN_POSITION,2023-02-01,853.0,804.8910129825663,1.0
2023-02-21,830.0,HOLD,close 830.000 above trailing stop 805.077,IN_POSITION,2023-02-01,853.0,805.0773691980972,1.0
2023-02-22,805.0,SELL_SIGNAL,close 805.000 broke trailing stop 805.077 (chandelier 3.5x ATR14 off high 853.000),EXIT_SIGNAL,2023-02-01,853.0,805.0773691980972,1.0
2023-02-23,797.0,WAIT,no qualifying breakout,NO_POSITION,,,,1.0
2023-02-28,786.0,WAIT,no qualifying breakout,NO_POSITION,,,,1.0
2023-03-01,786.0,WAIT,no qualifying breakout,NO_POSITION,,,,1.0
2023-03-02,781.0,WAIT,no qualifying breakout,NO_POSITION,,,,1.0
2023-03-05,783.0,WAIT,no qualifying breakout,NO_POSITION,,,,1.0
2023-03-06,775.0,WAIT,no qualifying breakout,NO_POSITION,,,,1.0
2023-03-07,773.0,WAIT,no qualifying breakout,NO_POSITION,,,,1.0
2023-03-08,779.0,WAIT,no qualifying breakout,NO_POSITION,,,,1.0
2023-03-09,781.0,WAIT,no qualifying breakout,NO_POSITION,,,,1.0
2023-03-12,775.0,WAIT,no qualifying breakout,NO_POSITION,,,,1.0
2023-03-13,775.0,WAIT,no qualifying breakout,NO_POSITION,,,,1.0
2023-03-14,770.0,WAIT,no qualifying breakout,NO_POSITION,,,,1.0
2023-03-15,770.0,WAIT,no qualifying breakout,NO_POSITION,,,,1.0
2023-03-16,760.0,WAIT,no qualifying breakout,NO_POSITION,,,,1.0
2023-03-19,764.0,WAIT,no qualifying breakout,NO_POSITION,,,,1.0
2023-03-20,750.0,WAIT,no qualifying breakout,NO_POSITION,,,,1.0
2023-03-21,757.0,WAIT,no qualifying breakout,NO_POSITION,,,,1.0
2023-03-22,741.0,WAIT,no qualifying breakout,NO_POSITION,,,,1.0
2023-03-23,745.0,WAIT,no qualifying breakout,NO_POSITION,,,,1.0
2023-03-26,740.0,WAIT,no qualifying breakout,NO_POSITION,,,,1.0
2023-03-27,732.0,WAIT,no qualifying breakout,NO_POSITION,,,,1.0
2023-03-28,733.0,WAIT,no qualifying breakout,NO_POSITION,,,,1.0
2023-03-29,726.0,WAIT,no qualifying breakout,NO_POSITION,,,,1.0
2023-03-30,728.0,WAIT,no qualifying breakout,NO_POSITION,,,,1.0
2023-04-02,740.0,WAIT,no qualifying breakout,NO_POSITION,,,,1.0
2023-04-03,745.0,WAIT,no qualifying breakout,NO_POSITION,,,,1.0
2023-04-04,709.0,WAIT,no qualifying breakout,NO_POSITION,,,,1.0
2023-04-05,709.0,WAIT,no qualifying breakout,NO_POSITION,,,,1.0
2023-04-06,721.0,WAIT,no qualifying breakout,NO_POSITION,,,,1.0
2023-04-09,720.0,WAIT,no qualifying breakout,NO_POSITION,,,,1.0
2023-04-10,720.0,WAIT,no qualifying breakout,NO_POSITION,,,,1.0
2023-04-11,739.0,WAIT,no qualifying breakout,NO_POSITION,,,,1.0
2023-04-12,745.0,WAIT,no qualifying breakout,NO_POSITION,,,,1.0
2023-04-13,744.0,WAIT,no qualifying breakout,NO_POSITION,,,,1.0
2023-04-16,743.0,WAIT,no qualifying breakout,NO_POSITION,,,,1.0
2023-04-17,738.0,WAIT,no qualifying breakout,NO_POSITION,,,,1.0
2023-04-18,746.0,WAIT,no qualifying breakout,NO_POSITION,,,,1.0
2023-04-19,750.0,WAIT,no qualifying breakout,NO_POSITION,,,,1.0
2023-04-20,760.0,WAIT,no qualifying breakout,NO_POSITION,,,,1.0
2023-04-26,768.0,WAIT,no qualifying breakout,NO_POSITION,,,,1.0
2023-04-27,760.0,WAIT,no qualifying breakout,NO_POSITION,,,,1.0
2023-04-30,760.0,WAIT,no qualifying breakout,NO_POSITION,,,,1.0
2023-05-01,740.0,WAIT,no qualifying breakout,NO_POSITION,,,,1.0
2023-05-02,722.0,WAIT,no qualifying breakout,NO_POSITION,,,,1.0
2023-05-03,711.0,WAIT,no qualifying breakout,NO_POSITION,,,,1.0
2023-05-04,705.0,WAIT,no qualifying breakout,NO_POSITION,,,,1.0
2023-05-07,700.0,WAIT,no qualifying breakout,NO_POSITION,,,,1.0
2023-05-08,702.0,WAIT,no qualifying breakout,NO_POSITION,,,,1.0
2023-05-09,700.0,WAIT,no qualifying breakout,NO_POSITION,,,,1.0
2023-05-10,715.0,WAIT,no qualifying breakout,NO_POSITION,,,,1.0
2023-05-11,719.0,WAIT,no qualifying breakout,NO_POSITION,,,,1.0
2023-05-14,719.0,WAIT,no qualifying breakout,NO_POSITION,,,,1.0
2023-05-15,710.0,WAIT,no qualifying breakout,NO_POSITION,,,,1.0
2023-05-16,711.0,WAIT,no qualifying breakout,NO_POSITION,,,,1.0
2023-05-17,706.0,WAIT,no qualifying breakout,NO_POSITION,,,,1.0
2023-05-18,712.0,WAIT,no qualifying breakout,NO_POSITION,,,,1.0
2023-05-21,724.0,WAIT,no qualifying breakout,NO_POSITION,,,,1.0
2023-05-22,738.0,WAIT,no qualifying breakout,NO_POSITION,,,,1.0
2023-05-23,735.0,WAIT,no qualifying breakout,NO_POSITION,,,,1.0
2023-05-24,740.0,WAIT,no qualifying breakout,NO_POSITION,,,,1.0
2023-05-25,730.0,WAIT,no qualifying breakout,NO_POSITION,,,,1.0
2023-05-28,735.0,WAIT,no qualifying breakout,NO_POSITION,,,,1.0
2023-05-29,740.0,WAIT,no qualifying breakout,NO_POSITION,,,,1.0
2023-05-30,743.0,WAIT,no qualifying breakout,NO_POSITION,,,,1.0
2023-05-31,741.0,WAIT,no qualifying breakout,NO_POSITION,,,,1.0
2023-06-01,736.0,WAIT,no qualifying breakout,NO_POSITION,,,,1.0
2023-06-04,748.0,WAIT,no qualifying breakout,NO_POSITION,,,,1.0
2023-06-05,756.0,WAIT,no qualifying breakout,NO_POSITION,,,,1.0
2023-06-07,750.0,WAIT,no qualifying breakout,NO_POSITION,,,,1.0
2023-06-08,755.0,WAIT,no qualifying breakout,NO_POSITION,,,,1.0
2023-06-11,777.0,BUY,"fresh 40-session high, close 777.000 broke ceiling 769.000",IN_POSITION,2023-06-11,777.0,728.4706982304918,1.0
2023-06-12,800.0,HOLD,close 800.000 above trailing stop 746.687,IN_POSITION,2023-06-11,777.0,746.6870769283139,1.0
2023-06-13,815.0,HOLD,close 815.000 above trailing stop 761.745,IN_POSITION,2023-06-11,777.0,761.7451428620058,1.0
2023-06-14,831.0,HOLD,close 831.000 above trailing stop 772.299,IN_POSITION,2023-06-11,777.0,772.2990612290054,1.0
2023-06-15,843.0,HOLD,close 843.000 above trailing stop 783.992,IN_POSITION,2023-06-11,777.0,783.9919854269335,1.0
2023-06-18,845.0,HOLD,close 845.000 above trailing stop 786.207,IN_POSITION,2023-06-11,777.0,786.206843610724,1.0
2023-06-19,850.0,HOLD,close 850.000 above trailing stop 792.906,IN_POSITION,2023-06-11,777.0,792.9063547813865,1.0
2023-06-20,850.0,HOLD,close 850.000 above trailing stop 792.984,IN_POSITION,2023-06-11,777.0,792.9844722970018,1.0
2023-06-21,835.0,HOLD,close 835.000 above trailing stop 793.307,IN_POSITION,2023-06-11,777.0,793.3070099900731,1.0
2023-06-22,836.0,HOLD,close 836.000 above trailing stop 793.307,IN_POSITION,2023-06-11,777.0,793.3070099900731,1.0
2023-06-25,836.0,HOLD,close 836.000 above trailing stop 793.956,IN_POSITION,2023-06-11,777.0,793.9560443281753,1.0
2023-06-26,841.0,HOLD,close 841.000 above trailing stop 794.459,IN_POSITION,2023-06-11,777.0,794.4591840190199,1.0
2023-07-03,855.0,HOLD,close 855.000 above trailing stop 799.926,IN_POSITION,2023-06-11,777.0,799.9263851605185,1.0
2023-07-04,880.0,HOLD,close 880.000 above trailing stop 822.110,IN_POSITION,2023-06-11,777.0,822.11021479191,1.0
2023-07-05,874.0,HOLD,close 874.000 above trailing stop 822.745,IN_POSITION,2023-06-11,777.0,822.7451994496307,1.0
2023-07-06,880.0,HOLD,close 880.000 above trailing stop 822.745,IN_POSITION,2023-06-11,777.0,822.7451994496307,1.0
2023-07-09,883.0,HOLD,close 883.000 above trailing stop 828.186,IN_POSITION,2023-06-11,777.0,828.1859117703449,1.0
2023-07-10,872.0,HOLD,close 872.000 above trailing stop 828.186,IN_POSITION,2023-06-11,777.0,828.1859117703449,1.0
2023-07-11,870.0,HOLD,close 870.000 above trailing stop 828.186,IN_POSITION,2023-06-11,777.0,828.1859117703449,1.0
2023-07-12,870.0,HOLD,close 870.000 above trailing stop 828.819,IN_POSITION,2023-06-11,777.0,828.8194053059211,1.0
2023-07-13,865.0,HOLD,close 865.000 above trailing stop 828.819,IN_POSITION,2023-06-11,777.0,828.8194053059211,1.0
2023-07-16,866.0,HOLD,close 866.000 above trailing stop 828.819,IN_POSITION,2023-06-11,777.0,828.8194053059211,1.0
2023-07-17,873.0,HOLD,close 873.000 above trailing stop 828.819,IN_POSITION,2023-06-11,777.0,828.8194053059211,1.0
2023-07-18,873.0,HOLD,close 873.000 above trailing stop 829.382,IN_POSITION,2023-06-11,777.0,829.3821854160353,1.0
2023-07-23,866.0,HOLD,close 866.000 above trailing stop 829.382,IN_POSITION,2023-06-11,777.0,829.3821854160353,1.0
2023-07-24,861.0,HOLD,close 861.000 above trailing stop 829.382,IN_POSITION,2023-06-11,777.0,829.3821854160353,1.0
2023-07-25,863.0,HOLD,close 863.000 above trailing stop 829.382,IN_POSITION,2023-06-11,777.0,829.3821854160353,1.0
2023-07-26,870.0,HOLD,close 870.000 above trailing stop 829.969,IN_POSITION,2023-06-11,777.0,829.9692341125412,1.0
2023-07-27,877.0,HOLD,close 877.000 above trailing stop 831.007,IN_POSITION,2023-06-11,777.0,831.0071459616454,1.0
2023-07-30,882.0,HOLD,close 882.000 above trailing stop 831.007,IN_POSITION,2023-06-11,777.0,831.0071459616454,1.0
2023-07-31,883.0,HOLD,close 883.000 above trailing stop 831.007,IN_POSITION,2023-06-11,777.0,831.0071459616454,1.0
2023-08-01,883.0,HOLD,close 883.000 above trailing stop 831.958,IN_POSITION,2023-06-11,777.0,831.9583453636061,1.0
2023-08-02,870.0,HOLD,close 870.000 above trailing stop 831.958,IN_POSITION,2023-06-11,777.0,831.9583453636061,1.0
2023-08-03,865.0,HOLD,close 865.000 above trailing stop 831.958,IN_POSITION,2023-06-11,777.0,831.9583453636061,1.0
2023-08-06,863.0,HOLD,close 863.000 above trailing stop 831.958,IN_POSITION,2023-06-11,777.0,831.9583453636061,1.0
2023-08-07,864.0,HOLD,close 864.000 above trailing stop 831.958,IN_POSITION,2023-06-11,777.0,831.9583453636061,1.0
2023-08-08,851.0,HOLD,close 851.000 above trailing stop 831.958,IN_POSITION,2023-06-11,777.0,831.9583453636061,1.0
2023-08-09,838.0,HOLD,close 838.000 above trailing stop 831.958,IN_POSITION,2023-06-11,777.0,831.9583453636061,1.0
2023-08-10,838.0,HOLD,close 838.000 above trailing stop 831.958,IN_POSITION,2023-06-11,777.0,831.9583453636061,1.0
2023-08-13,843.0,HOLD,close 843.000 above trailing stop 831.958,IN_POSITION,2023-06-11,777.0,831.9583453636061,1.0
2023-08-14,849.0,HOLD,close 849.000 above trailing stop 831.958,IN_POSITION,2023-06-11,777.0,831.9583453636061,1.0
2023-08-15,860.0,HOLD,close 860.000 above trailing stop 831.958,IN_POSITION,2023-06-11,777.0,831.9583453636061,1.0
2023-08-16,852.0,HOLD,close 852.000 above trailing stop 831.958,IN_POSITION,2023-06-11,777.0,831.9583453636061,1.0
2023-08-17,853.0,HOLD,close 853.000 above trailing stop 831.958,IN_POSITION,2023-06-11,777.0,831.9583453636061,1.0
2023-08-20,855.0,HOLD,close 855.000 above trailing stop 831.958,IN_POSITION,2023-06-11,777.0,831.9583453636061,1.0
2023-08-21,839.0,HOLD,close 839.000 above trailing stop 831.958,IN_POSITION,2023-06-11,777.0,831.9583453636061,1.0
2023-08-22,843.0,HOLD,close 843.000 above trailing stop 831.958,IN_POSITION,2023-06-11,777.0,831.9583453636061,1.0
2023-08-23,843.0,HOLD,close 843.000 above trailing stop 831.958,IN_POSITION,2023-06-11,777.0,831.9583453636061,1.0
2023-08-24,840.0,HOLD,close 840.000 above trailing stop 831.958,IN_POSITION,2023-06-11,777.0,831.9583453636061,1.0
2023-08-27,850.0,HOLD,close 850.000 above trailing stop 831.958,IN_POSITION,2023-06-11,777.0,831.9583453636061,1.0
2023-08-28,845.0,HOLD,close 845.000 above trailing stop 831.958,IN_POSITION,2023-06-11,777.0,831.9583453636061,1.0
2023-08-29,846.0,HOLD,close 846.000 above trailing stop 831.958,IN_POSITION,2023-06-11,777.0,831.9583453636061,1.0
2023-08-30,842.0,HOLD,close 842.000 above trailing stop 831.958,IN_POSITION,2023-06-11,777.0,831.9583453636061,1.0
2023-08-31,836.0,HOLD,close 836.000 above trailing stop 831.958,IN_POSITION,2023-06-11,777.0,831.9583453636061,1.0
2023-09-03,836.0,HOLD,close 836.000 above trailing stop 831.958,IN_POSITION,2023-06-11,777.0,831.9583453636061,1.0
2023-09-04,836.0,HOLD,close 836.000 above trailing stop 831.958,IN_POSITION,2023-06-11,777.0,831.9583453636061,1.0
2023-09-05,834.0,HOLD,close 834.000 above trailing stop 831.958,IN_POSITION,2023-06-11,777.0,831.9583453636061,1.0
2023-09-06,833.0,HOLD,close 833.000 above trailing stop 831.958,IN_POSITION,2023-06-11,777.0,831.9583453636061,1.0
2023-09-07,837.0,HOLD,close 837.000 above trailing stop 831.958,IN_POSITION,2023-06-11,777.0,831.9583453636061,1.0
2023-09-10,851.0,HOLD,close 851.000 above trailing stop 831.958,IN_POSITION,2023-06-11,777.0,831.9583453636061,1.0
2023-09-11,865.0,HOLD,close 865.000 above trailing stop 831.958,IN_POSITION,2023-06-11,777.0,831.9583453636061,1.0
2023-09-12,878.0,HOLD,close 878.000 above trailing stop 831.958,IN_POSITION,2023-06-11,777.0,831.9583453636061,1.0
2023-09-13,878.0,HOLD,close 878.000 above trailing stop 831.958,IN_POSITION,2023-06-11,777.0,831.9583453636061,1.0
2023-09-14,862.0,HOLD,close 862.000 above trailing stop 831.958,IN_POSITION,2023-06-11,777.0,831.9583453636061,1.0
2023-09-17,844.0,HOLD,close 844.000 above trailing stop 831.958,IN_POSITION,2023-06-11,777.0,831.9583453636061,1.0
2023-09-18,846.0,HOLD,close 846.000 above trailing stop 831.958,IN_POSITION,2023-06-11,777.0,831.9583453636061,1.0
2023-09-19,844.0,HOLD,close 844.000 above trailing stop 831.958,IN_POSITION,2023-06-11,777.0,831.9583453636061,1.0
2023-09-20,834.0,HOLD,close 834.000 above trailing stop 831.958,IN_POSITION,2023-06-11,777.0,831.9583453636061,1.0
2023-09-21,836.0,HOLD,close 836.000 above trailing stop 831.958,IN_POSITION,2023-06-11,777.0,831.9583453636061,1.0
2023-09-24,814.0,SELL_SIGNAL,close 814.000 broke trailing stop 831.958 (chandelier 3.5x ATR14 off high 883.000),EXIT_SIGNAL,2023-06-11,777.0,831.9583453636061,1.0
2023-09-25,824.0,WAIT,no qualifying breakout,NO_POSITION,,,,1.0
2023-09-26,824.0,WAIT,no qualifying breakout,NO_POSITION,,,,1.0
2023-09-27,825.0,WAIT,no qualifying breakout,NO_POSITION,,,,1.0
2023-10-01,834.0,WAIT,no qualifying breakout,NO_POSITION,,,,1.0
2023-10-02,840.0,WAIT,no qualifying breakout,NO_POSITION,,,,1.0
2023-10-03,864.0,WAIT,no qualifying breakout,NO_POSITION,,,,1.0
2023-10-04,860.0,WAIT,no qualifying breakout,NO_POSITION,,,,1.0
2023-10-05,870.0,BUY,EMA10 crossed above EMA30 with close 870.000 above EMA50 842.948 (intermediate trend turned),IN_POSITION,2023-10-05,870.0,812.5340220617888,1.0
2023-10-08,868.0,HOLD,close 868.000 above trailing stop 814.889,IN_POSITION,2023-10-05,870.0,814.8887347716611,1.0
2023-10-09,850.0,HOLD,close 850.000 above trailing stop 814.889,IN_POSITION,2023-10-05,870.0,814.8887347716611,1.0
2023-10-10,857.0,HOLD,close 857.000 above trailing stop 814.889,IN_POSITION,2023-10-05,870.0,814.8887347716611,1.0
2023-10-11,830.0,HOLD,close 830.000 above trailing stop 814.889,IN_POSITION,2023-10-05,870.0,814.8887347716611,1.0
2023-10-12,835.0,HOLD,close 835.000 above trailing stop 814.889,IN_POSITION,2023-10-05,870.0,814.8887347716611,1.0
2023-10-15,836.0,HOLD,close 836.000 above trailing stop 814.889,IN_POSITION,2023-10-05,870.0,814.8887347716611,1.0
2023-10-16,837.0,HOLD,close 837.000 above trailing stop 815.191,IN_POSITION,2023-10-05,870.0,815.1906323967993,1.0
2023-10-17,837.0,HOLD,close 837.000 above trailing stop 815.191,IN_POSITION,2023-10-05,870.0,815.1906323967993,1.0
2023-10-18,836.0,HOLD,close 836.000 above trailing stop 815.191,IN_POSITION,2023-10-05,870.0,815.1906323967993,1.0
2023-10-19,832.0,HOLD,close 832.000 above trailing stop 815.191,IN_POSITION,2023-10-05,870.0,815.1906323967993,1.0
2023-10-22,839.0,HOLD,close 839.000 above trailing stop 815.191,IN_POSITION,2023-10-05,870.0,815.1906323967993,1.0
2023-10-23,828.0,HOLD,close 828.000 above trailing stop 815.450,IN_POSITION,2023-10-05,870.0,815.449713055767,1.0
2023-10-24,828.0,HOLD,close 828.000 above trailing stop 816.346,IN_POSITION,2023-10-05,870.0,816.3461621232121,1.0
2023-10-25,828.0,HOLD,close 828.000 above trailing stop 817.179,IN_POSITION,2023-10-05,870.0,817.1785791144113,1.0
2023-10-26,811.0,SELL_SIGNAL,close 811.000 broke trailing stop 817.179 (chandelier 3.5x ATR14 off high 870.000),EXIT_SIGNAL,2023-10-05,870.0,817.1785791144113,1.0
2023-10-29,810.0,WAIT,no qualifying breakout,NO_POSITION,,,,1.0
2023-10-30,807.0,WAIT,no qualifying breakout,NO_POSITION,,,,1.0
2023-10-31,825.0,WAIT,no qualifying breakout,NO_POSITION,,,,1.0
2023-11-01,798.0,WAIT,no qualifying breakout,NO_POSITION,,,,1.0
2023-11-02,800.0,WAIT,no qualifying breakout,NO_POSITION,,,,1.0
2023-11-05,811.0,WAIT,no qualifying breakout,NO_POSITION,,,,1.0
2023-11-06,830.0,WAIT,no qualifying breakout,NO_POSITION,,,,1.0
2023-11-07,813.0,WAIT,no qualifying breakout,NO_POSITION,,,,1.0
2023-11-08,824.0,WAIT,no qualifying breakout,NO_POSITION,,,,1.0
2023-11-09,834.0,WAIT,no qualifying breakout,NO_POSITION,,,,1.0
2023-11-12,818.0,WAIT,no qualifying breakout,NO_POSITION,,,,1.0
2023-11-13,824.0,WAIT,no qualifying breakout,NO_POSITION,,,,1.0
2023-11-14,820.0,WAIT,no qualifying breakout,NO_POSITION,,,,1.0
2023-11-15,829.0,WAIT,no qualifying breakout,NO_POSITION,,,,1.0
2023-11-16,840.0,WAIT,no qualifying breakout,NO_POSITION,,,,1.0
2023-11-19,837.0,WAIT,no qualifying breakout,NO_POSITION,,,,1.0
2023-11-20,825.0,WAIT,no qualifying breakout,NO_POSITION,,,,1.0
2023-11-21,830.0,WAIT,no qualifying breakout,NO_POSITION,,,,1.0
2023-11-22,831.0,BUY,EMA10 crossed above EMA30 with close 831.000 above EMA50 830.733 (intermediate trend turned),IN_POSITION,2023-11-22,831.0,767.9479205503698,1.0
2023-11-23,827.0,HOLD,close 827.000 above trailing stop 769.202,IN_POSITION,2023-11-22,831.0,769.2016405110576,1.0
2023-11-26,835.0,HOLD,close 835.000 above trailing stop 774.366,IN_POSITION,2023-11-22,831.0,774.3658090459821,1.0
2023-11-27,837.0,HOLD,close 837.000 above trailing stop 776.447,IN_POSITION,2023-11-22,831.0,776.4468226855548,1.0
2023-11-28,835.0,HOLD,close 835.000 above trailing stop 777.022,IN_POSITION,2023-11-22,831.0,777.0220496365865,1.0
2023-11-29,832.0,HOLD,close 832.000 above trailing stop 779.306,IN_POSITION,2023-11-22,831.0,779.306188948259,1.0
2023-11-30,838.0,HOLD,close 838.000 above trailing stop 779.306,IN_POSITION,2023-11-22,831.0,779.306188948259,1.0
2023-12-03,828.0,HOLD,close 828.000 above trailing stop 780.182,IN_POSITION,2023-11-22,831.0,780.1823772053865,1.0
2023-12-04,822.0,HOLD,close 822.000 above trailing stop 782.312,IN_POSITION,2023-11-22,831.0,782.3122074050018,1.0
2023-12-05,823.0,HOLD,close 823.000 above trailing stop 782.312,IN_POSITION,2023-11-22,831.0,782.3122074050018,1.0
2023-12-06,817.0,HOLD,close 817.000 above trailing stop 782.312,IN_POSITION,2023-11-22,831.0,782.3122074050018,1.0
2023-12-07,820.0,HOLD,close 820.000 above trailing stop 782.312,IN_POSITION,2023-11-22,831.0,782.3122074050018,1.0
2023-12-10,820.0,HOLD,close 820.000 above trailing stop 782.783,IN_POSITION,2023-11-22,831.0,782.7825894339404,1.0
2023-12-11,823.0,HOLD,close 823.000 above trailing stop 783.727,IN_POSITION,2023-11-22,831.0,783.726690188659,1.0
2023-12-12,825.0,HOLD,close 825.000 above trailing stop 784.353,IN_POSITION,2023-11-22,831.0,784.3533551751833,1.0
2023-12-13,825.0,HOLD,close 825.000 above trailing stop 785.685,IN_POSITION,2023-11-22,831.0,785.685258376956,1.0
2023-12-14,812.0,HOLD,close 812.000 above trailing stop 786.172,IN_POSITION,2023-11-22,831.0,786.1720256357448,1.0
2023-12-20,820.0,HOLD,close 820.000 above trailing stop 787.374,IN_POSITION,2023-11-22,831.0,787.3740238046202,1.0
2023-12-21,819.0,HOLD,close 819.000 above trailing stop 788.240,IN_POSITION,2023-11-22,831.0,788.240164961433,1.0
2023-12-24,820.0,HOLD,close 820.000 above trailing stop 789.294,IN_POSITION,2023-11-22,831.0,789.2944388927592,1.0
2023-12-25,814.0,HOLD,close 814.000 above trailing stop 789.294,IN_POSITION,2023-11-22,831.0,789.2944388927592,1.0
2023-12-26,818.0,HOLD,close 818.000 above trailing stop 789.294,IN_POSITION,2023-11-22,831.0,789.2944388927592,1.0
2023-12-27,836.0,HOLD,close 836.000 above trailing stop 789.294,IN_POSITION,2023-11-22,831.0,789.2944388927592,1.0
2023-12-28,843.0,HOLD,close 843.000 above trailing stop 790.874,IN_POSITION,2023-11-22,831.0,790.8737887655169,1.0
2024-01-02,832.0,HOLD,close 832.000 above trailing stop 791.597,IN_POSITION,2023-11-22,831.0,791.59708956798,1.0
2024-01-03,828.0,HOLD,close 828.000 above trailing stop 791.769,IN_POSITION,2023-11-22,831.0,791.7687260274099,1.0
2024-01-04,832.0,HOLD,close 832.000 above trailing stop 793.928,IN_POSITION,2023-11-22,831.0,793.9281027397378,1.0
2024-01-07,824.0,HOLD,close 824.000 above trailing stop 793.928,IN_POSITION,2023-11-22,831.0,793.9281027397378,1.0
2024-01-08,816.0,HOLD,close 816.000 above trailing stop 793.928,IN_POSITION,2023-11-22,831.0,793.9281027397378,1.0
2024-01-09,817.0,HOLD,close 817.000 above trailing stop 794.495,IN_POSITION,2023-11-22,831.0,794.4947309472318,1.0
2024-01-10,818.0,HOLD,close 818.000 above trailing stop 796.459,IN_POSITION,2023-11-22,831.0,796.4593930224295,1.0
2024-01-11,815.0,HOLD,close 815.000 above trailing stop 798.034,IN_POSITION,2023-11-22,831.0,798.033722092256,1.0
2024-01-14,819.0,HOLD,close 819.000 above trailing stop 799.246,IN_POSITION,2023-11-22,831.0,799.2455990856662,1.0
2024-01-15,815.0,HOLD,close 815.000 above trailing stop 800.871,IN_POSITION,2023-11-22,831.0,800.8709134366901,1.0
2024-01-16,811.0,HOLD,close 811.000 above trailing stop 802.380,IN_POSITION,2023-11-22,831.0,802.3801339054979,1.0
2024-01-17,800.0,SELL_SIGNAL,close 800.000 broke trailing stop 802.380 (chandelier 3.5x ATR14 off high 843.000),EXIT_SIGNAL,2023-11-22,831.0,802.3801339054979,1.0
2024-01-18,783.0,WAIT,no qualifying breakout,NO_POSITION,,,,1.0
2024-01-21,792.0,WAIT,no qualifying breakout,NO_POSITION,,,,1.0
2024-01-22,789.0,WAIT,no qualifying breakout,NO_POSITION,,,,1.0
2024-01-23,798.0,WAIT,no qualifying breakout,NO_POSITION,,,,1.0
2024-01-24,789.0,WAIT,no qualifying breakout,NO_POSITION,,,,1.0
2024-01-25,778.0,WAIT,no qualifying breakout,NO_POSITION,,,,1.0
2024-01-28,772.0,WAIT,no qualifying breakout,NO_POSITION,,,,1.0
2024-01-29,760.0,WAIT,no qualifying breakout,NO_POSITION,,,,1.0
2024-01-30,773.0,WAIT,no qualifying breakout,NO_POSITION,,,,1.0
2024-01-31,770.0,WAIT,no qualifying breakout,NO_POSITION,,,,1.0
2024-02-01,770.0,WAIT,no qualifying breakout,NO_POSITION,,,,1.0
2024-02-04,761.0,WAIT,no qualifying breakout,NO_POSITION,,,,1.0
2024-02-05,757.0,WAIT,no qualifying breakout,NO_POSITION,,,,1.0
2024-02-06,747.0,WAIT,no qualifying breakout,NO_POSITION,,,,1.0
2024-02-07,784.0,WAIT,no qualifying breakout,NO_POSITION,,,,1.0
2024-02-11,808.0,WAIT,no qualifying breakout,NO_POSITION,,,,1.0
2024-02-12,803.0,WAIT,no qualifying breakout,NO_POSITION,,,,1.0
2024-02-13,815.0,WAIT,no qualifying breakout,NO_POSITION,,,,1.0
2024-02-14,824.0,WAIT,no qualifying breakout,NO_POSITION,,,,1.0
2024-02-15,834.0,WAIT,no qualifying breakout,NO_POSITION,,,,1.0
2024-02-18,833.0,WAIT,no qualifying breakout,NO_POSITION,,,,1.0
2024-02-19,834.0,WAIT,no qualifying breakout,NO_POSITION,,,,1.0
2024-02-20,815.0,WAIT,no qualifying breakout,NO_POSITION,,,,1.0
2024-02-21,813.0,WAIT,no qualifying breakout,NO_POSITION,,,,1.0
2024-02-22,813.0,WAIT,no qualifying breakout,NO_POSITION,,,,1.0
2024-02-27,809.0,WAIT,no qualifying breakout,NO_POSITION,,,,1.0
2024-02-28,806.0,WAIT,no qualifying breakout,NO_POSITION,,,,1.0
2024-02-29,818.0,WAIT,no qualifying breakout,NO_POSITION,,,,1.0
2024-03-03,810.0,WAIT,no qualifying breakout,NO_POSITION,,,,1.0
2024-03-04,812.0,WAIT,no qualifying breakout,NO_POSITION,,,,1.0
2024-03-05,845.0,BUY,"fresh 40-session high, close 845.000 broke ceiling 841.000",IN_POSITION,2024-03-05,845.0,794.2134578988116,1.0
2024-03-06,838.0,HOLD,close 838.000 above trailing stop 794.213,IN_POSITION,2024-03-05,845.0,794.2134578988116,1.0
2024-03-07,840.0,HOLD,close 840.000 above trailing stop 794.213,IN_POSITION,2024-03-05,845.0,794.2134578988116,1.0
2024-03-10,857.0,HOLD,close 857.000 above trailing stop 802.901,IN_POSITION,2024-03-05,845.0,802.9012270421607,1.0
2024-03-11,877.0,HOLD,close 877.000 above trailing stop 819.515,IN_POSITION,2024-03-05,845.0,819.5154251105779,1.0
2024-03-12,884.0,HOLD,close 884.000 above trailing stop 826.371,IN_POSITION,2024-03-05,845.0,826.371466174108,1.0
2024-03-13,859.0,HOLD,close 859.000 above trailing stop 826.371,IN_POSITION,2024-03-05,845.0,826.371466174108,1.0
2024-03-14,855.0,HOLD,close 855.000 above trailing stop 826.371,IN_POSITION,2024-03-05,845.0,826.371466174108,1.0
2024-03-17,844.0,HOLD,close 844.000 above trailing stop 826.371,IN_POSITION,2024-03-05,845.0,826.371466174108,1.0
2024-03-18,840.0,HOLD,close 840.000 above trailing stop 826.371,IN_POSITION,2024-03-05,845.0,826.371466174108,1.0
2024-03-19,826.0,SELL_SIGNAL,close 826.000 broke trailing stop 826.371 (chandelier 3.5x ATR14 off high 884.000),EXIT_SIGNAL,2024-03-05,845.0,826.371466174108,1.0
2024-03-20,831.0,WAIT,no qualifying breakout,NO_POSITION,,,,1.0
2024-03-21,850.0,WAIT,no qualifying breakout,NO_POSITION,,,,1.0
2024-03-24,857.0,WAIT,no qualifying breakout,NO_POSITION,,,,1.0
2024-03-25,850.0,WAIT,no qualifying breakout,NO_POSITION,,,,1.0
2024-03-26,800.0,WAIT,no qualifying breakout,NO_POSITION,,,,1.0
2024-03-27,784.0,WAIT,no qualifying breakout,NO_POSITION,,,,1.0
2024-03-28,791.0,WAIT,no qualifying breakout,NO_POSITION,,,,1.0
2024-03-31,783.0,WAIT,no qualifying breakout,NO_POSITION,,,,1.0
2024-04-01,799.0,WAIT,no qualifying breakout,NO_POSITION,,,,1.0
2024-04-02,804.0,WAIT,no qualifying breakout,NO_POSITION,,,,1.0
2024-04-03,792.0,WAIT,no qualifying breakout,NO_POSITION,,,,1.0
2024-04-07,783.0,WAIT,no qualifying breakout,NO_POSITION,,,,1.0
2024-04-08,796.0,WAIT,no qualifying breakout,NO_POSITION,,,,1.0
2024-04-14,779.0,WAIT,no qualifying breakout,NO_POSITION,,,,1.0
2024-04-15,778.0,WAIT,no qualifying breakout,NO_POSITION,,,,1.0
2024-04-16,779.0,WAIT,no qualifying breakout,NO_POSITION,,,,1.0
2024-04-17,782.0,WAIT,no qualifying breakout,NO_POSITION,,,,1.0
2024-04-18,780.0,WAIT,no qualifying breakout,NO_POSITION,,,,1.0
2024-04-21,788.0,WAIT,no qualifying breakout,NO_POSITION,,,,1.0
2024-04-22,793.0,WAIT,no qualifying breakout,NO_POSITION,,,,1.0
2024-04-23,794.0,WAIT,no qualifying breakout,NO_POSITION,,,,1.0
2024-04-24,790.0,WAIT,no qualifying breakout,NO_POSITION,,,,1.0
2024-04-25,784.0,WAIT,no qualifying breakout,NO_POSITION,,,,1.0
2024-04-28,779.0,WAIT,no qualifying breakout,NO_POSITION,,,,1.0
2024-04-29,785.0,WAIT,no qualifying breakout,NO_POSITION,,,,1.0
2024-04-30,788.0,WAIT,no qualifying breakout,NO_POSITION,,,,1.0
2024-05-01,780.0,WAIT,no qualifying breakout,NO_POSITION,,,,1.0
2024-05-02,786.0,WAIT,no qualifying breakout,NO_POSITION,,,,1.0
2024-05-05,798.0,WAIT,no qualifying breakout,NO_POSITION,,,,1.0
2024-05-06,786.0,WAIT,no qualifying breakout,NO_POSITION,,,,1.0
2024-05-07,788.0,WAIT,no qualifying breakout,NO_POSITION,,,,1.0
2024-05-08,799.0,WAIT,no qualifying breakout,NO_POSITION,,,,1.0
2024-05-09,799.0,WAIT,no qualifying breakout,NO_POSITION,,,,1.0
2024-05-12,809.0,WAIT,no qualifying breakout,NO_POSITION,,,,1.0
2024-05-13,809.0,WAIT,no qualifying breakout,NO_POSITION,,,,1.0
2024-05-14,809.0,WAIT,no qualifying breakout,NO_POSITION,,,,1.0
2024-05-15,805.0,WAIT,no qualifying breakout,NO_POSITION,,,,1.0
2024-05-16,810.0,WAIT,no qualifying breakout,NO_POSITION,,,,1.0
2024-05-19,800.0,WAIT,no qualifying breakout,NO_POSITION,,,,1.0
2024-05-20,805.0,WAIT,no qualifying breakout,NO_POSITION,,,,1.0
2024-05-21,809.0,WAIT,no qualifying breakout,NO_POSITION,,,,1.0
2024-05-22,819.0,WAIT,no qualifying breakout,NO_POSITION,,,,1.0
2024-05-23,832.0,WAIT,no qualifying breakout,NO_POSITION,,,,1.0
2024-05-26,841.0,WAIT,no qualifying breakout,NO_POSITION,,,,1.0
2024-05-27,829.0,WAIT,no qualifying breakout,NO_POSITION,,,,1.0
2024-05-28,830.0,WAIT,no qualifying breakout,NO_POSITION,,,,1.0
2024-05-29,840.0,WAIT,no qualifying breakout,NO_POSITION,,,,1.0
2024-05-30,830.0,WAIT,no qualifying breakout,NO_POSITION,,,,1.0
2024-06-02,840.0,WAIT,no qualifying breakout,NO_POSITION,,,,1.0
2024-06-03,836.0,WAIT,no qualifying breakout,NO_POSITION,,,,1.0
2024-06-04,835.0,WAIT,no qualifying breakout,NO_POSITION,,,,1.0
2024-06-05,845.0,WAIT,no qualifying breakout,NO_POSITION,,,,1.0
2024-06-06,852.0,BUY,"fresh 40-session high, close 852.000 broke ceiling 849.000",IN_POSITION,2024-06-06,852.0,804.3322063660214,1.0
2024-06-09,861.0,HOLD,close 861.000 above trailing stop 814.487,IN_POSITION,2024-06-06,852.0,814.4870487684484,1.0
2024-06-10,861.0,HOLD,close 861.000 above trailing stop 815.309,IN_POSITION,2024-06-06,852.0,815.3094024278449,1.0
2024-06-11,849.0,HOLD,close 849.000 above trailing stop 815.309,IN_POSITION,2024-06-06,852.0,815.3094024278449,1.0
2024-06-12,845.0,HOLD,close 845.000 above trailing stop 815.309,IN_POSITION,2024-06-06,852.0,815.3094024278449,1.0
2024-06-13,831.0,HOLD,close 831.000 above trailing stop 815.309,IN_POSITION,2024-06-06,852.0,815.3094024278449,1.0
2024-06-19,822.0,HOLD,close 822.000 above trailing stop 815.309,IN_POSITION,2024-06-06,852.0,815.3094024278449,1.0
2024-06-20,847.0,HOLD,close 847.000 above trailing stop 815.309,IN_POSITION,2024-06-06,852.0,815.3094024278449,1.0
2024-06-23,867.0,HOLD,close 867.000 above trailing stop 815.309,IN_POSITION,2024-06-06,852.0,815.3094024278449,1.0
2024-06-24,865.0,HOLD,close 865.000 above trailing stop 815.309,IN_POSITION,2024-06-06,852.0,815.3094024278449,1.0
2024-06-25,855.0,HOLD,close 855.000 above trailing stop 815.309,IN_POSITION,2024-06-06,852.0,815.3094024278449,1.0
2024-06-26,840.0,HOLD,close 840.000 above trailing stop 815.309,IN_POSITION,2024-06-06,852.0,815.3094024278449,1.0
2024-06-27,831.0,HOLD,close 831.000 above trailing stop 815.309,IN_POSITION,2024-06-06,852.0,815.3094024278449,1.0
2024-06-30,833.0,HOLD,close 833.000 above trailing stop 815.309,IN_POSITION,2024-06-06,852.0,815.3094024278449,1.0
2024-07-01,840.0,HOLD,close 840.000 above trailing stop 815.309,IN_POSITION,2024-06-06,852.0,815.3094024278449,1.0
2024-07-02,837.0,HOLD,close 837.000 above trailing stop 815.309,IN_POSITION,2024-06-06,852.0,815.3094024278449,1.0
2024-07-03,842.0,HOLD,close 842.000 above trailing stop 815.309,IN_POSITION,2024-06-06,852.0,815.3094024278449,1.0
2024-07-04,845.0,HOLD,close 845.000 above trailing stop 815.309,IN_POSITION,2024-06-06,852.0,815.3094024278449,1.0
2024-07-08,856.0,HOLD,close 856.000 above trailing stop 815.309,IN_POSITION,2024-06-06,852.0,815.3094024278449,1.0
2024-07-09,871.0,HOLD,close 871.000 above trailing stop 815.309,IN_POSITION,2024-06-06,852.0,815.3094024278449,1.0
2024-07-10,880.0,HOLD,close 880.000 above trailing stop 819.610,IN_POSITION,2024-06-06,852.0,819.6100030885791,1.0
2024-07-11,888.0,HOLD,close 888.000 above trailing stop 829.924,IN_POSITION,2024-06-06,852.0,829.9235742965377,1.0
2024-07-14,892.0,HOLD,close 892.000 above trailing stop 837.072,IN_POSITION,2024-06-06,852.0,837.0718904182136,1.0
2024-07-15,896.0,HOLD,close 896.000 above trailing stop 842.495,IN_POSITION,2024-06-06,852.0,842.4953268169127,1.0
2024-07-16,886.0,HOLD,close 886.000 above trailing stop 842.495,IN_POSITION,2024-06-06,852.0,842.4953268169127,1.0
2024-07-17,885.0,HOLD,close 885.000 above trailing stop 842.495,IN_POSITION,2024-06-06,852.0,842.4953268169127,1.0
2024-07-18,888.0,HOLD,close 888.000 above trailing stop 842.849,IN_POSITION,2024-06-06,852.0,842.8486636358443,1.0
2024-07-21,886.0,HOLD,close 886.000 above trailing stop 844.145,IN_POSITION,2024-06-06,852.0,844.1451876618555,1.0
2024-07-22,879.0,HOLD,close 879.000 above trailing stop 845.099,IN_POSITION,2024-06-06,852.0,845.0991028288659,1.0
2024-07-23,860.0,HOLD,close 860.000 above trailing stop 845.099,IN_POSITION,2024-06-06,852.0,845.0991028288659,1.0
2024-07-24,857.0,HOLD,close 857.000 above trailing stop 845.450,IN_POSITION,2024-06-06,852.0,845.4502468269302,1.0
2024-07-25,845.0,SELL_SIGNAL,close 845.000 broke trailing stop 845.450 (chandelier 3.5x ATR14 off high 896.000),EXIT_SIGNAL,2024-06-06,852.0,845.4502468269302,1.0
2024-07-28,855.0,WAIT,no qualifying breakout,NO_POSITION,,,,1.0
2024-07-29,851.0,WAIT,no qualifying breakout,NO_POSITION,,,,1.0
2024-07-30,842.0,WAIT,no qualifying breakout,NO_POSITION,,,,1.0
2024-07-31,839.0,WAIT,no qualifying breakout,NO_POSITION,,,,1.0
2024-08-01,831.0,WAIT,no qualifying breakout,NO_POSITION,,,,1.0
2024-08-04,832.0,WAIT,no qualifying breakout,NO_POSITION,,,,1.0
2024-08-05,832.0,WAIT,no qualifying breakout,NO_POSITION,,,,1.0
2024-08-06,830.0,WAIT,no qualifying breakout,NO_POSITION,,,,1.0
2024-08-07,840.0,WAIT,no qualifying breakout,NO_POSITION,,,,1.0
2024-08-08,838.0,WAIT,no qualifying breakout,NO_POSITION,,,,1.0
2024-08-11,850.0,WAIT,no qualifying breakout,NO_POSITION,,,,1.0
2024-08-12,851.0,WAIT,no qualifying breakout,NO_POSITION,,,,1.0
2024-08-13,850.0,WAIT,no qualifying breakout,NO_POSITION,,,,1.0
2024-08-14,853.0,WAIT,no qualifying breakout,NO_POSITION,,,,1.0
2024-08-15,848.0,WAIT,no qualifying breakout,NO_POSITION,,,,1.0
2024-08-18,867.0,WAIT,no qualifying breakout,NO_POSITION,,,,1.0
2024-08-19,859.0,WAIT,no qualifying breakout,NO_POSITION,,,,1.0
2024-08-20,850.0,WAIT,no qualifying breakout,NO_POSITION,,,,1.0
2024-08-21,856.0,WAIT,no qualifying breakout,NO_POSITION,,,,1.0
2024-08-22,863.0,WAIT,no qualifying breakout,NO_POSITION,,,,1.0
2024-08-25,859.0,WAIT,no qualifying breakout,NO_POSITION,,,,1.0
2024-08-26,860.0,WAIT,no qualifying breakout,NO_POSITION,,,,1.0
2024-08-27,853.0,WAIT,no qualifying breakout,NO_POSITION,,,,1.0
2024-08-28,849.0,WAIT,no qualifying breakout,NO_POSITION,,,,1.0
2024-08-29,858.0,WAIT,no qualifying breakout,NO_POSITION,,,,1.0
2024-09-01,857.0,WAIT,no qualifying breakout,NO_POSITION,,,,1.0
2024-09-02,855.0,WAIT,no qualifying breakout,NO_POSITION,,,,1.0
2024-09-03,855.0,WAIT,no qualifying breakout,NO_POSITION,,,,1.0
2024-09-04,849.0,WAIT,no qualifying breakout,NO_POSITION,,,,1.0
2024-09-05,848.0,WAIT,no qualifying breakout,NO_POSITION,,,,1.0
2024-09-08,846.0,WAIT,no qualifying breakout,NO_POSITION,,,,1.0
2024-09-09,843.0,WAIT,no qualifying breakout,NO_POSITION,,,,1.0
2024-09-10,841.0,WAIT,no qualifying breakout,NO_POSITION,,,,1.0
2024-09-11,841.0,WAIT,no qualifying breakout,NO_POSITION,,,,1.0
2024-09-12,837.0,WAIT,no qualifying breakout,NO_POSITION,,,,1.0
2024-09-16,831.0,WAIT,no qualifying breakout,NO_POSITION,,,,1.0
2024-09-17,830.0,WAIT,no qualifying breakout,NO_POSITION,,,,1.0
2024-09-18,829.0,WAIT,no qualifying breakout,NO_POSITION,,,,1.0
2024-09-19,841.0,WAIT,no qualifying breakout,NO_POSITION,,,,1.0
2024-09-22,850.0,WAIT,no qualifying breakout,NO_POSITION,,,,1.0
2024-09-23,832.0,WAIT,no qualifying breakout,NO_POSITION,,,,1.0
2024-09-24,830.0,WAIT,no qualifying breakout,NO_POSITION,,,,1.0
2024-09-25,845.0,WAIT,no qualifying breakout,NO_POSITION,,,,1.0
2024-09-26,840.0,WAIT,no qualifying breakout,NO_POSITION,,,,1.0
2024-09-29,832.0,WAIT,no qualifying breakout,NO_POSITION,,,,1.0
2024-09-30,837.0,WAIT,no qualifying breakout,NO_POSITION,,,,1.0
2024-10-01,840.0,WAIT,no qualifying breakout,NO_POSITION,,,,1.0
2024-10-02,840.0,WAIT,no qualifying breakout,NO_POSITION,,,,1.0
2024-10-03,825.0,WAIT,no qualifying breakout,NO_POSITION,,,,1.0
2024-10-06,825.0,WAIT,no qualifying breakout,NO_POSITION,,,,1.0
2024-10-07,829.0,WAIT,no qualifying breakout,NO_POSITION,,,,1.0
2024-10-08,834.0,WAIT,no qualifying breakout,NO_POSITION,,,,1.0
2024-10-09,828.0,WAIT,no qualifying breakout,NO_POSITION,,,,1.0
2024-10-10,828.0,WAIT,no qualifying breakout,NO_POSITION,,,,1.0
2024-10-13,830.0,WAIT,no qualifying breakout,NO_POSITION,,,,1.0
2024-10-14,824.0,WAIT,no qualifying breakout,NO_POSITION,,,,1.0
2024-10-15,839.0,WAIT,no qualifying breakout,NO_POSITION,,,,1.0
2024-10-16,843.0,WAIT,no qualifying breakout,NO_POSITION,,,,1.0
2024-10-17,833.0,WAIT,no qualifying breakout,NO_POSITION,,,,1.0
2024-10-20,826.0,WAIT,no qualifying breakout,NO_POSITION,,,,1.0
2024-10-21,826.0,WAIT,no qualifying breakout,NO_POSITION,,,,1.0
2024-10-22,821.0,WAIT,no qualifying breakout,NO_POSITION,,,,1.0
2024-10-23,814.0,WAIT,no qualifying breakout,NO_POSITION,,,,1.0
2024-10-24,815.0,WAIT,no qualifying breakout,NO_POSITION,,,,1.0
2024-10-27,835.0,WAIT,no qualifying breakout,NO_POSITION,,,,1.0
2024-10-28,839.0,WAIT,no qualifying breakout,NO_POSITION,,,,1.0
2024-10-29,836.0,WAIT,no qualifying breakout,NO_POSITION,,,,1.0
2024-10-30,831.0,WAIT,no qualifying breakout,NO_POSITION,,,,1.0
2024-10-31,835.0,WAIT,no qualifying breakout,NO_POSITION,,,,1.0
2024-11-03,820.0,WAIT,no qualifying breakout,NO_POSITION,,,,1.0
2024-11-04,818.0,WAIT,no qualifying breakout,NO_POSITION,,,,1.0
2024-11-05,827.0,WAIT,no qualifying breakout,NO_POSITION,,,,1.0
2024-11-06,828.0,WAIT,no qualifying breakout,NO_POSITION,,,,1.0
2024-11-07,824.0,WAIT,no qualifying breakout,NO_POSITION,,,,1.0
2024-11-10,829.0,WAIT,no qualifying breakout,NO_POSITION,,,,1.0
2024-11-11,832.0,WAIT,no qualifying breakout,NO_POSITION,,,,1.0
2024-11-12,825.0,WAIT,no qualifying breakout,NO_POSITION,,,,1.0
2024-11-13,820.0,WAIT,no qualifying breakout,NO_POSITION,,,,1.0
2024-11-14,815.0,WAIT,no qualifying breakout,NO_POSITION,,,,1.0
2024-11-17,818.0,WAIT,no qualifying breakout,NO_POSITION,,,,1.0
2024-11-18,820.0,WAIT,no qualifying breakout,NO_POSITION,,,,1.0
2024-11-19,826.0,WAIT,no qualifying breakout,NO_POSITION,,,,1.0
2024-11-20,828.0,WAIT,no qualifying breakout,NO_POSITION,,,,1.0
2024-11-21,825.0,WAIT,no qualifying breakout,NO_POSITION,,,,1.0
2024-11-24,827.0,WAIT,no qualifying breakout,NO_POSITION,,,,1.0
2024-11-25,820.0,WAIT,no qualifying breakout,NO_POSITION,,,,1.0
2024-11-26,822.0,WAIT,no qualifying breakout,NO_POSITION,,,,1.0
2024-11-27,819.0,WAIT,no qualifying breakout,NO_POSITION,,,,1.0
2024-11-28,819.0,WAIT,no qualifying breakout,NO_POSITION,,,,1.0
2024-12-02,819.0,WAIT,no qualifying breakout,NO_POSITION,,,,1.0
2024-12-03,815.0,WAIT,no qualifying breakout,NO_POSITION,,,,1.0
2024-12-04,811.0,WAIT,no qualifying breakout,NO_POSITION,,,,1.0
2024-12-05,811.0,WAIT,no qualifying breakout,NO_POSITION,,,,1.0
2024-12-08,805.0,WAIT,no qualifying breakout,NO_POSITION,,,,1.0
2024-12-09,802.0,WAIT,no qualifying breakout,NO_POSITION,,,,1.0
2024-12-10,814.0,WAIT,no qualifying breakout,NO_POSITION,,,,1.0
2024-12-11,807.0,WAIT,no qualifying breakout,NO_POSITION,,,,1.0
2024-12-12,805.0,WAIT,no qualifying breakout,NO_POSITION,,,,1.0
2024-12-15,802.0,WAIT,no qualifying breakout,NO_POSITION,,,,1.0
2024-12-16,794.0,WAIT,no qualifying breakout,NO_POSITION,,,,1.0
2024-12-17,792.0,WAIT,no qualifying breakout,NO_POSITION,,,,1.0
2024-12-18,785.0,WAIT,no qualifying breakout,NO_POSITION,,,,1.0
2024-12-19,780.0,WAIT,no qualifying breakout,NO_POSITION,,,,1.0
2024-12-22,777.0,WAIT,no qualifying breakout,NO_POSITION,,,,1.0
2024-12-23,776.0,WAIT,no qualifying breakout,NO_POSITION,,,,1.0
2024-12-24,786.0,WAIT,no qualifying breakout,NO_POSITION,,,,1.0
2024-12-25,786.0,WAIT,no qualifying breakout,NO_POSITION,,,,1.0
2024-12-26,787.0,WAIT,no qualifying breakout,NO_POSITION,,,,1.0
2024-12-29,782.0,WAIT,no qualifying breakout,NO_POSITION,,,,1.0
2024-12-30,777.0,WAIT,no qualifying breakout,NO_POSITION,,,,1.0
2024-12-31,762.0,WAIT,no qualifying breakout,NO_POSITION,,,,1.0
2025-01-05,775.0,WAIT,no qualifying breakout,NO_POSITION,,,,1.0
2025-01-06,782.0,WAIT,no qualifying breakout,NO_POSITION,,,,1.0
2025-01-07,778.0,WAIT,no qualifying breakout,NO_POSITION,,,,1.0
2025-01-08,775.0,WAIT,no qualifying breakout,NO_POSITION,,,,1.0
2025-01-09,786.0,WAIT,no qualifying breakout,NO_POSITION,,,,1.0
2025-01-12,780.0,WAIT,no qualifying breakout,NO_POSITION,,,,1.0
2025-01-13,779.0,WAIT,no qualifying breakout,NO_POSITION,,,,1.0
2025-01-14,781.0,WAIT,no qualifying breakout,NO_POSITION,,,,1.0
2025-01-15,785.0,WAIT,no qualifying breakout,NO_POSITION,,,,1.0
2025-01-16,783.0,WAIT,no qualifying breakout,NO_POSITION,,,,1.0
2025-01-19,785.0,WAIT,no qualifying breakout,NO_POSITION,,,,1.0
2025-01-20,798.0,WAIT,no qualifying breakout,NO_POSITION,,,,1.0
2025-01-21,803.0,WAIT,no qualifying breakout,NO_POSITION,,,,1.0
2025-01-22,803.0,WAIT,no qualifying breakout,NO_POSITION,,,,1.0
2025-01-23,800.0,WAIT,no qualifying breakout,NO_POSITION,,,,1.0
2025-01-26,809.0,WAIT,no qualifying breakout,NO_POSITION,,,,1.0
2025-01-27,806.0,WAIT,no qualifying breakout,NO_POSITION,,,,1.0
2025-01-28,794.0,WAIT,no qualifying breakout,NO_POSITION,,,,1.0
2025-01-29,796.0,WAIT,no qualifying breakout,NO_POSITION,,,,1.0
2025-02-02,802.0,WAIT,no qualifying breakout,NO_POSITION,,,,1.0
2025-02-03,804.0,WAIT,no qualifying breakout,NO_POSITION,,,,1.0
2025-02-04,815.0,WAIT,no qualifying breakout,NO_POSITION,,,,1.0
2025-02-05,814.0,WAIT,no qualifying breakout,NO_POSITION,,,,1.0
2025-02-06,816.0,WAIT,no qualifying breakout,NO_POSITION,,,,1.0
2025-02-09,812.0,WAIT,no qualifying breakout,NO_POSITION,,,,1.0
2025-02-10,808.0,WAIT,no qualifying breakout,NO_POSITION,,,,1.0
2025-02-11,808.0,WAIT,no qualifying breakout,NO_POSITION,,,,1.0
2025-02-12,807.0,WAIT,no qualifying breakout,NO_POSITION,,,,1.0
2025-02-13,809.0,WAIT,no qualifying breakout,NO_POSITION,,,,1.0
2025-02-16,806.0,WAIT,no qualifying breakout,NO_POSITION,,,,1.0
2025-02-17,806.0,WAIT,no qualifying breakout,NO_POSITION,,,,1.0
2025-02-18,803.0,WAIT,no qualifying breakout,NO_POSITION,,,,1.0
2025-02-19,802.0,WAIT,no qualifying breakout,NO_POSITION,,,,1.0
2025-02-20,802.0,WAIT,no qualifying breakout,NO_POSITION,,,,1.0
2025-02-23,820.0,WAIT,no qualifying breakout,NO_POSITION,,,,1.0
2025-02-24,827.0,WAIT,no qualifying breakout,NO_POSITION,,,,1.0
2025-03-02,841.0,WAIT,no qualifying breakout,NO_POSITION,,,,1.0
2025-03-03,835.0,WAIT,no qualifying breakout,NO_POSITION,,,,1.0
2025-03-04,833.0,WAIT,no qualifying breakout,NO_POSITION,,,,1.0
2025-03-05,837.0,WAIT,no qualifying breakout,NO_POSITION,,,,1.0
2025-03-06,829.0,WAIT,no qualifying breakout,NO_POSITION,,,,1.0
2025-03-09,822.0,WAIT,no qualifying breakout,NO_POSITION,,,,1.0
2025-03-10,818.0,WAIT,no qualifying breakout,NO_POSITION,,,,1.0
2025-03-11,807.0,WAIT,no qualifying breakout,NO_POSITION,,,,1.0
2025-03-12,805.0,WAIT,no qualifying breakout,NO_POSITION,,,,1.0
2025-03-13,796.0,WAIT,no qualifying breakout,NO_POSITION,,,,1.0
2025-03-16,790.0,WAIT,no qualifying breakout,NO_POSITION,,,,1.0
2025-03-17,787.0,WAIT,no qualifying breakout,NO_POSITION,,,,1.0
2025-03-18,790.0,WAIT,no qualifying breakout,NO_POSITION,,,,1.0
2025-03-19,783.0,WAIT,no qualifying breakout,NO_POSITION,,,,1.0
2025-03-20,784.0,WAIT,no qualifying breakout,NO_POSITION,,,,1.0
2025-03-23,795.0,WAIT,no qualifying breakout,NO_POSITION,,,,1.0
2025-03-24,795.0,WAIT,no qualifying breakout,NO_POSITION,,,,1.0
2025-03-25,807.0,WAIT,no qualifying breakout,NO_POSITION,,,,1.0
2025-03-26,816.0,WAIT,no qualifying breakout,NO_POSITION,,,,1.0
2025-03-27,825.0,WAIT,no qualifying breakout,NO_POSITION,,,,1.0
2025-04-02,823.0,WAIT,no qualifying breakout,NO_POSITION,,,,1.0
2025-04-03,826.0,WAIT,no qualifying breakout,NO_POSITION,,,,1.0
2025-04-06,799.0,WAIT,no qualifying breakout,NO_POSITION,,,,1.0
2025-04-07,808.0,WAIT,no qualifying breakout,NO_POSITION,,,,1.0
2025-04-08,794.0,WAIT,no qualifying breakout,NO_POSITION,,,,1.0
2025-04-09,789.0,WAIT,no qualifying breakout,NO_POSITION,,,,1.0
2025-04-10,786.0,WAIT,no qualifying breakout,NO_POSITION,,,,1.0
2025-04-13,792.0,WAIT,no qualifying breakout,NO_POSITION,,,,1.0
2025-04-14,792.0,WAIT,no qualifying breakout,NO_POSITION,,,,1.0
2025-04-15,790.0,WAIT,no qualifying breakout,NO_POSITION,,,,1.0
2025-04-16,789.0,WAIT,no qualifying breakout,NO_POSITION,,,,1.0
2025-04-17,790.0,WAIT,no qualifying breakout,NO_POSITION,,,,1.0
2025-04-20,785.0,WAIT,no qualifying breakout,NO_POSITION,,,,1.0
2025-04-21,783.0,WAIT,no qualifying breakout,NO_POSITION,,,,1.0
2025-04-22,781.0,WAIT,no qualifying breakout,NO_POSITION,,,,1.0
2025-04-23,780.0,WAIT,no qualifying breakout,NO_POSITION,,,,1.0
2025-04-24,782.0,WAIT,no qualifying breakout,NO_POSITION,,,,1.0
2025-04-27,778.0,WAIT,no qualifying breakout,NO_POSITION,,,,1.0
2025-04-28,777.0,WAIT,no qualifying breakout,NO_POSITION,,,,1.0
2025-04-29,775.0,WAIT,no qualifying breakout,NO_POSITION,,,,1.0
2025-04-30,793.0,WAIT,no qualifying breakout,NO_POSITION,,,,1.0
2025-05-01,789.0,WAIT,no qualifying breakout,NO_POSITION,,,,1.0
2025-05-04,785.0,WAIT,no qualifying breakout,NO_POSITION,,,,1.0
2025-05-05,789.0,WAIT,no qualifying breakout,NO_POSITION,,,,1.0
2025-05-06,788.0,WAIT,no qualifying breakout,NO_POSITION,,,,1.0
2025-05-07,782.0,WAIT,no qualifying breakout,NO_POSITION,,,,1.0
2025-05-08,781.0,WAIT,no qualifying breakout,NO_POSITION,,,,1.0
2025-05-11,794.0,WAIT,no qualifying breakout,NO_POSITION,,,,1.0
2025-05-12,798.0,WAIT,no qualifying breakout,NO_POSITION,,,,1.0
2025-05-13,796.0,WAIT,no qualifying breakout,NO_POSITION,,,,1.0
2025-05-14,792.0,WAIT,no qualifying breakout,NO_POSITION,,,,1.0
2025-05-15,821.0,BUY,EMA10 crossed above EMA30 with close 821.000 above EMA50 795.075 (intermediate trend turned),IN_POSITION,2025-05-15,821.0,780.7903982023781,1.0
2025-05-18,821.0,HOLD,close 821.000 above trailing stop 782.413,IN_POSITION,2025-05-15,821.0,782.412512616494,1.0
2025-05-19,822.0,HOLD,close 822.000 above trailing stop 783.169,IN_POSITION,2025-05-15,821.0,783.1687617153159,1.0
2025-05-20,825.0,HOLD,close 825.000 above trailing stop 785.192,IN_POSITION,2025-05-15,821.0,785.1924215927933,1.0
2025-05-21,832.0,HOLD,close 832.000 above trailing stop 792.286,IN_POSITION,2025-05-15,821.0,792.2858200504509,1.0
2025-05-22,830.0,HOLD,close 830.000 above trailing stop 793.373,IN_POSITION,2025-05-15,821.0,793.3725471897044,1.0
2025-05-25,846.0,HOLD,close 846.000 above trailing stop 802.632,IN_POSITION,2025-05-15,821.0,802.6316509618684,1.0
2025-05-26,846.0,HOLD,close 846.000 above trailing stop 802.632,IN_POSITION,2025-05-15,821.0,802.6316509618684,1.0
2025-05-27,844.0,HOLD,close 844.000 above trailing stop 802.632,IN_POSITION,2025-05-15,821.0,802.6316509618684,1.0
2025-05-28,835.0,HOLD,close 835.000 above trailing stop 802.632,IN_POSITION,2025-05-15,821.0,802.6316509618684,1.0
2025-05-29,840.0,HOLD,close 840.000 above trailing stop 802.632,IN_POSITION,2025-05-15,821.0,802.6316509618684,1.0
2025-06-01,857.0,HOLD,close 857.000 above trailing stop 808.171,IN_POSITION,2025-05-15,821.0,808.171305260801,1.0
2025-06-02,859.0,HOLD,close 859.000 above trailing stop 810.409,IN_POSITION,2025-05-15,821.0,810.4090691707437,1.0
2025-06-03,879.0,HOLD,close 879.000 above trailing stop 827.630,IN_POSITION,2025-05-15,821.0,827.629849944262,1.0
2025-06-04,897.0,HOLD,close 897.000 above trailing stop 843.799,IN_POSITION,2025-05-15,821.0,843.7991463768147,1.0
2025-06-10,880.0,HOLD,close 880.000 above trailing stop 843.799,IN_POSITION,2025-05-15,821.0,843.7991463768147,1.0
2025-06-11,875.0,HOLD,close 875.000 above trailing stop 843.799,IN_POSITION,2025-05-15,821.0,843.7991463768147,1.0
2025-06-12,884.0,HOLD,close 884.000 above trailing stop 843.799,IN_POSITION,2025-05-15,821.0,843.7991463768147,1.0
2025-06-15,860.0,HOLD,close 860.000 above trailing stop 843.799,IN_POSITION,2025-05-15,821.0,843.7991463768147,1.0
2025-06-16,855.0,HOLD,close 855.000 above trailing stop 843.799,IN_POSITION,2025-05-15,821.0,843.7991463768147,1.0
2025-06-17,845.0,HOLD,close 845.000 above trailing stop 843.799,IN_POSITION,2025-05-15,821.0,843.7991463768147,1.0
2025-06-18,836.0,SELL_SIGNAL,close 836.000 broke trailing stop 843.799 (chandelier 3.5x ATR14 off high 897.000),EXIT_SIGNAL,2025-05-15,821.0,843.7991463768147,1.0
2025-06-19,857.0,WAIT,no qualifying breakout,NO_POSITION,,,,1.0
2025-06-22,850.0,WAIT,no qualifying breakout,NO_POSITION,,,,1.0
2025-06-23,855.0,WAIT,no qualifying breakout,NO_POSITION,,,,1.0
2025-06-24,865.0,WAIT,no qualifying breakout,NO_POSITION,,,,1.0
2025-06-25,869.0,WAIT,no qualifying breakout,NO_POSITION,,,,1.0
2025-06-29,886.0,WAIT,no qualifying breakout,NO_POSITION,,,,1.0
2025-06-30,874.0,WAIT,no qualifying breakout,NO_POSITION,,,,1.0
2025-07-01,873.0,WAIT,no qualifying breakout,NO_POSITION,,,,1.0
2025-07-02,876.0,WAIT,no qualifying breakout,NO_POSITION,,,,1.0
2025-07-03,886.0,WAIT,no qualifying breakout,NO_POSITION,,,,1.0
2025-07-06,891.0,WAIT,no qualifying breakout,NO_POSITION,,,,1.0
2025-07-07,891.0,WAIT,no qualifying breakout,NO_POSITION,,,,1.0
2025-07-08,890.0,WAIT,no qualifying breakout,NO_POSITION,,,,1.0
2025-07-09,887.0,WAIT,no qualifying breakout,NO_POSITION,,,,1.0
2025-07-10,890.0,WAIT,no qualifying breakout,NO_POSITION,,,,1.0
2025-07-13,888.0,WAIT,no qualifying breakout,NO_POSITION,,,,1.0
2025-07-14,888.0,WAIT,no qualifying breakout,NO_POSITION,,,,1.0
2025-07-15,884.0,WAIT,no qualifying breakout,NO_POSITION,,,,1.0
2025-07-16,877.0,WAIT,no qualifying breakout,NO_POSITION,,,,1.0
2025-07-17,881.0,WAIT,no qualifying breakout,NO_POSITION,,,,1.0
2025-07-20,883.0,WAIT,no qualifying breakout,NO_POSITION,,,,1.0
2025-07-21,877.0,WAIT,no qualifying breakout,NO_POSITION,,,,1.0
2025-07-22,887.0,WAIT,no qualifying breakout,NO_POSITION,,,,1.0
2025-07-23,888.0,WAIT,no qualifying breakout,NO_POSITION,,,,1.0
2025-07-24,883.0,WAIT,no qualifying breakout,NO_POSITION,,,,1.0
2025-07-27,879.0,WAIT,no qualifying breakout,NO_POSITION,,,,1.0
2025-07-28,881.0,WAIT,no qualifying breakout,NO_POSITION,,,,1.0
2025-07-29,881.0,WAIT,no qualifying breakout,NO_POSITION,,,,1.0
2025-07-30,886.0,WAIT,no qualifying breakout,NO_POSITION,,,,1.0
2025-07-31,886.0,WAIT,no qualifying breakout,NO_POSITION,,,,1.0
2025-08-03,887.0,WAIT,no qualifying breakout,NO_POSITION,,,,1.0
2025-08-04,890.0,WAIT,no qualifying breakout,NO_POSITION,,,,1.0
2025-08-05,894.0,WAIT,no qualifying breakout,NO_POSITION,,,,1.0
2025-08-06,882.0,WAIT,no qualifying breakout,NO_POSITION,,,,1.0
2025-08-07,886.0,WAIT,no qualifying breakout,NO_POSITION,,,,1.0
2025-08-10,887.0,WAIT,no qualifying breakout,NO_POSITION,,,,1.0
2025-08-11,886.0,WAIT,no qualifying breakout,NO_POSITION,,,,1.0
2025-08-12,887.0,WAIT,no qualifying breakout,NO_POSITION,,,,1.0
2025-08-13,890.0,WAIT,no qualifying breakout,NO_POSITION,,,,1.0
2025-08-14,913.0,BUY,"fresh 40-session high, close 913.000 broke ceiling 900.000",IN_POSITION,2025-08-14,913.0,873.3447567996996,1.0
2025-08-17,910.0,HOLD,close 910.000 above trailing stop 874.177,IN_POSITION,2025-08-14,913.0,874.1772741711495,1.0
2025-08-18,910.0,HOLD,close 910.000 above trailing stop 875.700,IN_POSITION,2025-08-14,913.0,875.7003260160675,1.0
2025-08-19,913.0,HOLD,close 913.000 above trailing stop 875.700,IN_POSITION,2025-08-14,913.0,875.7003260160675,1.0
2025-08-20,911.0,HOLD,close 911.000 above trailing stop 875.700,IN_POSITION,2025-08-14,913.0,875.7003260160675,1.0
2025-08-21,927.0,HOLD,close 927.000 above trailing stop 883.867,IN_POSITION,2025-08-14,913.0,883.8666604436225,1.0
2025-08-24,948.0,HOLD,close 948.000 above trailing stop 895.948,IN_POSITION,2025-08-14,913.0,895.947613269078,1.0
2025-08-25,984.0,HOLD,close 984.000 above trailing stop 925.166,IN_POSITION,2025-08-14,913.0,925.1656408927154,1.0
2025-08-26,983.0,HOLD,close 983.000 above trailing stop 925.166,IN_POSITION,2025-08-14,913.0,925.1656408927154,1.0
2025-08-27,970.0,HOLD,close 970.000 above trailing stop 925.166,IN_POSITION,2025-08-14,913.0,925.1656408927154,1.0
2025-08-28,958.0,HOLD,close 958.000 above trailing stop 925.166,IN_POSITION,2025-08-14,913.0,925.1656408927154,1.0
2025-08-31,968.0,HOLD,close 968.000 above trailing stop 925.166,IN_POSITION,2025-08-14,913.0,925.1656408927154,1.0
2025-09-01,978.0,HOLD,close 978.000 above trailing stop 925.166,IN_POSITION,2025-08-14,913.0,925.1656408927154,1.0
2025-09-02,1001.0,HOLD,close 1001.000 above trailing stop 931.080,IN_POSITION,2025-08-14,913.0,931.0803787845261,1.0
2025-09-03,1006.0,HOLD,close 1006.000 above trailing stop 936.325,IN_POSITION,2025-08-14,913.0,936.3246374427744,1.0
2025-09-07,998.0,HOLD,close 998.000 above trailing stop 936.325,IN_POSITION,2025-08-14,913.0,936.3246374427744,1.0
2025-09-08,990.0,HOLD,close 990.000 above trailing stop 936.325,IN_POSITION,2025-08-14,913.0,936.3246374427744,1.0
2025-09-09,996.0,HOLD,close 996.000 above trailing stop 937.350,IN_POSITION,2025-08-14,913.0,937.3504841333,1.0
2025-09-10,994.0,HOLD,close 994.000 above trailing stop 940.004,IN_POSITION,2025-08-14,913.0,940.0040209809214,1.0
2025-09-11,995.0,HOLD,close 995.000 above trailing stop 942.218,IN_POSITION,2025-08-14,913.0,942.2180194822841,1.0
2025-09-14,993.0,HOLD,close 993.000 above trailing stop 943.274,IN_POSITION,2025-08-14,913.0,943.2738752335496,1.0
2025-09-15,998.0,HOLD,close 998.000 above trailing stop 945.754,IN_POSITION,2025-08-14,913.0,945.7543127168675,1.0
2025-09-16,990.0,HOLD,close 990.000 above trailing stop 947.308,IN_POSITION,2025-08-14,913.0,947.307576094234,1.0
2025-09-17,987.0,HOLD,close 987.000 above trailing stop 949.250,IN_POSITION,2025-08-14,913.0,949.2498920875031,1.0
2025-09-18,975.0,HOLD,close 975.000 above trailing stop 949.553,IN_POSITION,2025-08-14,913.0,949.55347122411,1.0
2025-09-21,998.0,HOLD,close 998.000 above trailing stop 949.553,IN_POSITION,2025-08-14,913.0,949.55347122411,1.0
2025-09-22,998.0,HOLD,close 998.000 above trailing stop 949.553,IN_POSITION,2025-08-14,913.0,949.55347122411,1.0
2025-09-23,1002.0,HOLD,close 1002.000 above trailing stop 949.553,IN_POSITION,2025-08-14,913.0,949.55347122411,1.0
2025-09-24,996.0,HOLD,close 996.000 above trailing stop 950.425,IN_POSITION,2025-08-14,913.0,950.4252184410611,1.0
2025-09-25,984.0,HOLD,close 984.000 above trailing stop 950.645,IN_POSITION,2025-08-14,913.0,950.6448456952711,1.0
2025-09-28,983.0,HOLD,close 983.000 above trailing stop 951.599,IN_POSITION,2025-08-14,913.0,951.5987852884659,1.0
2025-09-29,984.0,HOLD,close 984.000 above trailing stop 952.735,IN_POSITION,2025-08-14,913.0,952.7345863392899,1.0
2025-09-30,985.0,HOLD,close 985.000 above trailing stop 954.539,IN_POSITION,2025-08-14,913.0,954.5392587436263,1.0
2025-10-01,975.0,HOLD,close 975.000 above trailing stop 955.715,IN_POSITION,2025-08-14,913.0,955.7150259762244,1.0
2025-10-02,966.0,HOLD,close 966.000 above trailing stop 955.807,IN_POSITION,2025-08-14,913.0,955.8068098350656,1.0
2025-10-05,965.0,HOLD,close 965.000 above trailing stop 955.807,IN_POSITION,2025-08-14,913.0,955.8068098350656,1.0
2025-10-06,959.0,HOLD,close 959.000 above trailing stop 955.807,IN_POSITION,2025-08-14,913.0,955.8068098350656,1.0
2025-10-07,958.0,HOLD,close 958.000 above trailing stop 957.346,IN_POSITION,2025-08-14,913.0,957.3456855712969,1.0
2025-10-08,960.0,HOLD,close 960.000 above trailing stop 957.346,IN_POSITION,2025-08-14,913.0,957.3456855712969,1.0
2025-10-09,972.0,HOLD,close 972.000 above trailing stop 957.346,IN_POSITION,2025-08-14,913.0,957.3456855712969,1.0
2025-10-12,967.0,HOLD,close 967.000 above trailing stop 957.346,IN_POSITION,2025-08-14,913.0,957.3456855712969,1.0
2025-10-13,976.0,HOLD,close 976.000 above trailing stop 957.346,IN_POSITION,2025-08-14,913.0,957.3456855712969,1.0
2025-10-14,983.0,HOLD,close 983.000 above trailing stop 957.346,IN_POSITION,2025-08-14,913.0,957.3456855712969,1.0
2025-10-15,971.0,HOLD,close 971.000 above trailing stop 957.346,IN_POSITION,2025-08-14,913.0,957.3456855712969,1.0
2025-10-16,974.0,HOLD,close 974.000 above trailing stop 957.346,IN_POSITION,2025-08-14,913.0,957.3456855712969,1.0
2025-10-19,972.0,HOLD,close 972.000 above trailing stop 957.346,IN_POSITION,2025-08-14,913.0,957.3456855712969,1.0
2025-10-20,974.0,HOLD,close 974.000 above trailing stop 957.346,IN_POSITION,2025-08-14,913.0,957.3456855712969,1.0
2025-10-21,969.0,HOLD,close 969.000 above trailing stop 957.346,IN_POSITION,2025-08-14,913.0,957.3456855712969,1.0
2025-10-22,967.0,HOLD,close 967.000 above trailing stop 957.346,IN_POSITION,2025-08-14,913.0,957.3456855712969,1.0
2025-10-23,968.0,HOLD,close 968.000 above trailing stop 957.346,IN_POSITION,2025-08-14,913.0,957.3456855712969,1.0
2025-10-26,984.0,HOLD,close 984.000 above trailing stop 957.346,IN_POSITION,2025-08-14,913.0,957.3456855712969,1.0
2025-10-27,980.0,HOLD,close 980.000 above trailing stop 957.346,IN_POSITION,2025-08-14,913.0,957.3456855712969,1.0
2025-10-28,990.0,HOLD,close 990.000 above trailing stop 957.346,IN_POSITION,2025-08-14,913.0,957.3456855712969,1.0
2025-10-29,989.0,HOLD,close 989.000 above trailing stop 957.346,IN_POSITION,2025-08-14,913.0,957.3456855712969,1.0
2025-10-30,1007.0,HOLD,close 1007.000 above trailing stop 957.346,IN_POSITION,2025-08-14,913.0,957.3456855712969,1.0
2025-11-02,998.0,HOLD,close 998.000 above trailing stop 957.346,IN_POSITION,2025-08-14,913.0,957.3456855712969,1.0
2025-11-03,1006.0,HOLD,close 1006.000 above trailing stop 957.346,IN_POSITION,2025-08-14,913.0,957.3456855712969,1.0
2025-11-04,1001.0,HOLD,close 1001.000 above trailing stop 957.346,IN_POSITION,2025-08-14,913.0,957.3456855712969,1.0
2025-11-05,1000.0,HOLD,close 1000.000 above trailing stop 957.346,IN_POSITION,2025-08-14,913.0,957.3456855712969,1.0
2025-11-06,1001.0,HOLD,close 1001.000 above trailing stop 957.346,IN_POSITION,2025-08-14,913.0,957.3456855712969,1.0
2025-11-09,999.0,HOLD,close 999.000 above trailing stop 957.346,IN_POSITION,2025-08-14,913.0,957.3456855712969,1.0
2025-11-10,994.0,HOLD,close 994.000 above trailing stop 957.346,IN_POSITION,2025-08-14,913.0,957.3456855712969,1.0
2025-11-11,992.0,HOLD,close 992.000 above trailing stop 957.346,IN_POSITION,2025-08-14,913.0,957.3456855712969,1.0
2025-11-12,994.0,HOLD,close 994.000 above trailing stop 957.346,IN_POSITION,2025-08-14,913.0,957.3456855712969,1.0
2025-11-13,1012.0,HOLD,close 1012.000 above trailing stop 957.346,IN_POSITION,2025-08-14,913.0,957.3456855712969,1.0
2025-11-16,1002.0,HOLD,close 1002.000 above trailing stop 957.346,IN_POSITION,2025-08-14,913.0,957.3456855712969,1.0
2025-11-17,1009.0,HOLD,close 1009.000 above trailing stop 957.346,IN_POSITION,2025-08-14,913.0,957.3456855712969,1.0
2025-11-18,1002.0,HOLD,close 1002.000 above trailing stop 957.346,IN_POSITION,2025-08-14,913.0,957.3456855712969,1.0
2025-11-19,1004.0,HOLD,close 1004.000 above trailing stop 957.346,IN_POSITION,2025-08-14,913.0,957.3456855712969,1.0
2025-11-20,1006.0,HOLD,close 1006.000 above trailing stop 957.346,IN_POSITION,2025-08-14,913.0,957.3456855712969,1.0
2025-11-23,1015.0,HOLD,close 1015.000 above trailing stop 957.346,IN_POSITION,2025-08-14,913.0,957.3456855712969,1.0
2025-11-24,1088.0,HOLD,close 1088.000 above trailing stop 1014.943,IN_POSITION,2025-08-14,913.0,1014.9431534640394,1.0
2025-11-25,1091.0,HOLD,close 1091.000 above trailing stop 1014.943,IN_POSITION,2025-08-14,913.0,1014.9431534640394,1.0
2025-11-26,1149.0,SCALE_OUT,"unrealized gain 25.8% reached the 20% milestone -- banking 50% of the position, runner continues on the trailing stop",IN_POSITION,2025-08-14,913.0,1050.2392496705238,0.5
2025-11-27,1076.0,HOLD,close 1076.000 above trailing stop 1050.239,IN_POSITION,2025-08-14,913.0,1050.2392496705238,0.5
2025-11-30,1090.0,HOLD,close 1090.000 above trailing stop 1050.239,IN_POSITION,2025-08-14,913.0,1050.2392496705238,0.5
2025-12-01,1061.0,HOLD,close 1061.000 above trailing stop 1050.239,IN_POSITION,2025-08-14,913.0,1050.2392496705238,0.5
2025-12-02,1064.0,HOLD,close 1064.000 above trailing stop 1050.239,IN_POSITION,2025-08-14,913.0,1050.2392496705238,0.5
2025-12-03,1056.0,HOLD,close 1056.000 above trailing stop 1050.239,IN_POSITION,2025-08-14,913.0,1050.2392496705238,0.5
2025-12-04,1050.0,SELL_SIGNAL,close 1050.000 broke trailing stop 1050.239 (chandelier 3.5x ATR14 off high 1149.000),EXIT_SIGNAL,2025-08-14,913.0,1050.2392496705238,0.5
2025-12-07,1049.0,WAIT,no qualifying breakout,NO_POSITION,,,,1.0
2025-12-08,1050.0,WAIT,no qualifying breakout,NO_POSITION,,,,1.0
2025-12-09,1068.0,WAIT,no qualifying breakout,NO_POSITION,,,,1.0
2025-12-10,1080.0,WAIT,no qualifying breakout,NO_POSITION,,,,1.0
2025-12-11,1070.0,WAIT,no qualifying breakout,NO_POSITION,,,,1.0
2025-12-14,1084.0,WAIT,no qualifying breakout,NO_POSITION,,,,1.0
2025-12-15,1092.0,WAIT,no qualifying breakout,NO_POSITION,,,,1.0
2025-12-16,1094.0,WAIT,no qualifying breakout,NO_POSITION,,,,1.0
2025-12-17,1099.0,WAIT,no qualifying breakout,NO_POSITION,,,,1.0
2025-12-18,1090.0,WAIT,no qualifying breakout,NO_POSITION,,,,1.0
2025-12-21,1090.0,WAIT,no qualifying breakout,NO_POSITION,,,,1.0
2025-12-22,1112.0,WAIT,no qualifying breakout,NO_POSITION,,,,1.0
2025-12-23,1143.0,WAIT,no qualifying breakout,NO_POSITION,,,,1.0
2025-12-24,1151.0,WAIT,no qualifying breakout,NO_POSITION,,,,1.0
2025-12-25,1150.0,WAIT,no qualifying breakout,NO_POSITION,,,,1.0
2025-12-28,1120.0,WAIT,no qualifying breakout,NO_POSITION,,,,1.0
2025-12-29,1119.0,WAIT,no qualifying breakout,NO_POSITION,,,,1.0
2025-12-30,1078.0,WAIT,no qualifying breakout,NO_POSITION,,,,1.0
2025-12-31,1090.0,WAIT,no qualifying breakout,NO_POSITION,,,,1.0
2026-01-04,1070.0,WAIT,no qualifying breakout,NO_POSITION,,,,1.0
2026-01-05,1074.0,WAIT,no qualifying breakout,NO_POSITION,,,,1.0
2026-01-06,1064.0,WAIT,no qualifying breakout,NO_POSITION,,,,1.0
2026-01-07,1065.0,WAIT,no qualifying breakout,NO_POSITION,,,,1.0
2026-01-08,1066.0,WAIT,no qualifying breakout,NO_POSITION,,,,1.0
2026-01-11,1053.0,WAIT,no qualifying breakout,NO_POSITION,,,,1.0
2026-01-12,1038.0,WAIT,no qualifying breakout,NO_POSITION,,,,1.0
2026-01-13,1066.0,WAIT,no qualifying breakout,NO_POSITION,,,,1.0
2026-01-14,1090.0,WAIT,no qualifying breakout,NO_POSITION,,,,1.0
2026-01-15,1050.0,WAIT,no qualifying breakout,NO_POSITION,,,,1.0
2026-01-19,1080.0,WAIT,no qualifying breakout,NO_POSITION,,,,1.0
2026-01-20,1066.0,WAIT,no qualifying breakout,NO_POSITION,,,,1.0
2026-01-21,1060.0,WAIT,no qualifying breakout,NO_POSITION,,,,1.0
2026-01-22,1061.0,WAIT,no qualifying breakout,NO_POSITION,,,,1.0
2026-01-25,1040.0,WAIT,no qualifying breakout,NO_POSITION,,,,1.0
2026-01-26,1026.0,WAIT,no qualifying breakout,NO_POSITION,,,,1.0
2026-01-27,1017.0,WAIT,no qualifying breakout,NO_POSITION,,,,1.0
2026-01-28,1030.0,WAIT,no qualifying breakout,NO_POSITION,,,,1.0
2026-01-29,1005.0,WAIT,no qualifying breakout,NO_POSITION,,,,1.0
2026-02-01,1030.0,WAIT,no qualifying breakout,NO_POSITION,,,,1.0
2026-02-02,1044.0,WAIT,no qualifying breakout,NO_POSITION,,,,1.0
2026-02-03,1040.0,WAIT,no qualifying breakout,NO_POSITION,,,,1.0
2026-02-04,1041.0,WAIT,no qualifying breakout,NO_POSITION,,,,1.0
2026-02-05,1040.0,WAIT,no qualifying breakout,NO_POSITION,,,,1.0
2026-02-08,1039.0,WAIT,no qualifying breakout,NO_POSITION,,,,1.0
2026-02-09,1035.0,WAIT,no qualifying breakout,NO_POSITION,,,,1.0
2026-02-10,1012.0,WAIT,no qualifying breakout,NO_POSITION,,,,1.0
2026-02-11,1000.0,WAIT,no qualifying breakout,NO_POSITION,,,,1.0
2026-02-12,1008.0,WAIT,no qualifying breakout,NO_POSITION,,,,1.0
2026-02-15,990.0,WAIT,no qualifying breakout,NO_POSITION,,,,1.0
2026-02-16,976.0,WAIT,no qualifying breakout,NO_POSITION,,,,1.0
2026-02-17,983.0,WAIT,no qualifying breakout,NO_POSITION,,,,1.0
2026-02-18,990.0,WAIT,no qualifying breakout,NO_POSITION,,,,1.0
2026-02-19,982.0,WAIT,no qualifying breakout,NO_POSITION,,,,1.0
2026-02-22,977.0,WAIT,no qualifying breakout,NO_POSITION,,,,1.0
2026-02-23,988.0,WAIT,no qualifying breakout,NO_POSITION,,,,1.0
2026-02-24,980.0,WAIT,no qualifying breakout,NO_POSITION,,,,1.0
2026-03-02,968.0,WAIT,no qualifying breakout,NO_POSITION,,,,1.0
2026-03-03,953.0,WAIT,no qualifying breakout,NO_POSITION,,,,1.0
2026-03-04,948.0,WAIT,no qualifying breakout,NO_POSITION,,,,1.0
2026-03-05,969.0,WAIT,no qualifying breakout,NO_POSITION,,,,1.0
2026-03-08,967.0,WAIT,no qualifying breakout,NO_POSITION,,,,1.0
2026-03-09,940.0,WAIT,no qualifying breakout,NO_POSITION,,,,1.0
2026-03-10,962.0,WAIT,no qualifying breakout,NO_POSITION,,,,1.0
2026-03-11,985.0,WAIT,no qualifying breakout,NO_POSITION,,,,1.0
2026-03-12,964.0,WAIT,no qualifying breakout,NO_POSITION,,,,1.0
2026-03-15,975.0,WAIT,no qualifying breakout,NO_POSITION,,,,1.0
2026-03-16,957.0,WAIT,no qualifying breakout,NO_POSITION,,,,1.0
2026-03-17,955.0,WAIT,no qualifying breakout,NO_POSITION,,,,1.0
2026-03-18,955.0,WAIT,no qualifying breakout,NO_POSITION,,,,1.0
2026-03-24,916.0,WAIT,no qualifying breakout,NO_POSITION,,,,1.0
2026-03-25,914.0,WAIT,no qualifying breakout,NO_POSITION,,,,1.0
2026-03-26,902.0,WAIT,no qualifying breakout,NO_POSITION,,,,1.0
2026-03-29,880.0,WAIT,no qualifying breakout,NO_POSITION,,,,1.0
2026-03-30,920.0,WAIT,no qualifying breakout,NO_POSITION,,,,1.0
2026-03-31,908.0,WAIT,no qualifying breakout,NO_POSITION,,,,1.0
2026-04-01,922.0,WAIT,no qualifying breakout,NO_POSITION,,,,1.0
2026-04-02,940.0,WAIT,no qualifying breakout,NO_POSITION,,,,1.0
2026-04-05,936.0,WAIT,no qualifying breakout,NO_POSITION,,,,1.0
2026-04-06,896.0,WAIT,no qualifying breakout,NO_POSITION,,,,1.0
2026-04-07,879.0,WAIT,no qualifying breakout,NO_POSITION,,,,1.0
2026-04-08,905.0,WAIT,no qualifying breakout,NO_POSITION,,,,1.0
2026-04-09,895.0,WAIT,no qualifying breakout,NO_POSITION,,,,1.0
2026-04-12,900.0,WAIT,no qualifying breakout,NO_POSITION,,,,1.0
2026-04-13,900.0,WAIT,no qualifying breakout,NO_POSITION,,,,1.0
2026-04-14,903.0,WAIT,no qualifying breakout,NO_POSITION,,,,1.0
2026-04-15,910.0,WAIT,no qualifying breakout,NO_POSITION,,,,1.0
2026-04-16,990.0,WAIT,no qualifying breakout,NO_POSITION,,,,1.0
2026-04-19,1015.0,WAIT,no qualifying breakout,NO_POSITION,,,,1.0
2026-04-20,1019.0,BUY,EMA10 crossed above EMA30 with close 1019.000 above EMA50 960.711 (intermediate trend turned),IN_POSITION,2026-04-20,1019.0,910.6201455929166,1.0
2026-04-21,1014.0,HOLD,close 1014.000 above trailing stop 914.362,IN_POSITION,2026-04-20,1019.0,914.3615637648511,1.0
2026-04-22,1011.0,HOLD,close 1011.000 above trailing stop 919.086,IN_POSITION,2026-04-20,1019.0,919.0857377816475,1.0
2026-04-23,1010.0,HOLD,close 1010.000 above trailing stop 924.722,IN_POSITION,2026-04-20,1019.0,924.7224707972441,1.0
2026-04-26,1010.0,HOLD,close 1010.000 above trailing stop 929.207,IN_POSITION,2026-04-20,1019.0,929.2065800260124,1.0
2026-04-27,1006.0,HOLD,close 1006.000 above trailing stop 933.370,IN_POSITION,2026-04-20,1019.0,933.37039573844,1.0
2026-04-28,1000.0,HOLD,close 1000.000 above trailing stop 937.237,IN_POSITION,2026-04-20,1019.0,937.2367960428372,1.0
2026-04-29,1006.0,HOLD,close 1006.000 above trailing stop 939.077,IN_POSITION,2026-04-20,1019.0,939.0770248969202,1.0
2026-04-30,1005.0,HOLD,close 1005.000 above trailing stop 942.286,IN_POSITION,2026-04-20,1019.0,942.2858088328545,1.0
2026-05-03,1002.0,HOLD,close 1002.000 above trailing stop 945.515,IN_POSITION,2026-04-20,1019.0,945.515393916222,1.0
2026-05-04,997.0,HOLD,close 997.000 above trailing stop 948.014,IN_POSITION,2026-04-20,1019.0,948.0142943507776,1.0
2026-05-05,994.0,HOLD,close 994.000 above trailing stop 950.585,IN_POSITION,2026-04-20,1019.0,950.5847018971506,1.0
2026-05-06,1000.0,HOLD,close 1000.000 above trailing stop 953.722,IN_POSITION,2026-04-20,1019.0,953.721508904497,1.0
2026-05-07,997.0,HOLD,close 997.000 above trailing stop 955.884,IN_POSITION,2026-04-20,1019.0,955.8842582684615,1.0
2026-05-10,991.0,HOLD,close 991.000 above trailing stop 958.643,IN_POSITION,2026-04-20,1019.0,958.642525535,1.0
2026-05-11,994.0,HOLD,close 994.000 above trailing stop 961.454,IN_POSITION,2026-04-20,1019.0,961.4537737110714,1.0
2026-05-12,992.0,HOLD,close 992.000 above trailing stop 964.064,IN_POSITION,2026-04-20,1019.0,964.0642184459948,1.0
2026-05-13,983.0,HOLD,close 983.000 above trailing stop 964.988,IN_POSITION,2026-04-20,1019.0,964.9882028427095,1.0
2026-05-14,980.0,HOLD,close 980.000 above trailing stop 966.596,IN_POSITION,2026-04-20,1019.0,966.5961883539445,1.0
2026-05-17,952.0,SELL_SIGNAL,close 952.000 broke trailing stop 966.596 (chandelier 3.5x ATR14 off high 1019.000),EXIT_SIGNAL,2026-04-20,1019.0,966.5961883539445,1.0
2026-05-18,945.0,WAIT,no qualifying breakout,NO_POSITION,,,,1.0
2026-05-19,941.0,WAIT,no qualifying breakout,NO_POSITION,,,,1.0
2026-05-20,950.0,WAIT,no qualifying breakout,NO_POSITION,,,,1.0
2026-05-21,965.0,WAIT,no qualifying breakout,NO_POSITION,,,,1.0
2026-05-24,1006.0,WAIT,no qualifying breakout,NO_POSITION,,,,1.0
2026-05-25,987.0,WAIT,no qualifying breakout,NO_POSITION,,,,1.0
2026-06-01,977.0,WAIT,no qualifying breakout,NO_POSITION,,,,1.0
2026-06-02,969.0,WAIT,no qualifying breakout,NO_POSITION,,,,1.0
2026-06-03,967.0,WAIT,no qualifying breakout,NO_POSITION,,,,1.0
2026-06-04,969.0,WAIT,no qualifying breakout,NO_POSITION,,,,1.0
2026-06-07,971.0,WAIT,no qualifying breakout,NO_POSITION,,,,1.0
2026-06-08,964.0,WAIT,no qualifying breakout,NO_POSITION,,,,1.0
2026-06-09,968.0,WAIT,no qualifying breakout,NO_POSITION,,,,1.0
2026-06-10,973.0,WAIT,no qualifying breakout,NO_POSITION,,,,1.0
2026-06-11,980.0,WAIT,no qualifying breakout,NO_POSITION,,,,1.0
2026-06-14,994.0,WAIT,no qualifying breakout,NO_POSITION,,,,1.0
2026-06-15,998.0,WAIT,no qualifying breakout,NO_POSITION,,,,1.0
2026-06-17,995.0,WAIT,no qualifying breakout,NO_POSITION,,,,1.0
2026-06-18,980.0,WAIT,no qualifying breakout,NO_POSITION,,,,1.0
2026-06-21,979.0,WAIT,no qualifying breakout,NO_POSITION,,,,1.0
2026-06-22,963.0,WAIT,no qualifying breakout,NO_POSITION,,,,1.0
2026-06-23,938.0,WAIT,no qualifying breakout,NO_POSITION,,,,1.0
2026-06-24,934.0,WAIT,no qualifying breakout,NO_POSITION,,,,1.0
2026-06-25,934.0,WAIT,no qualifying breakout,NO_POSITION,,,,1.0
2026-06-28,934.0,WAIT,no qualifying breakout,NO_POSITION,,,,1.0
2026-06-29,930.0,WAIT,no qualifying breakout,NO_POSITION,,,,1.0
2026-06-30,923.0,WAIT,no qualifying breakout,NO_POSITION,,,,1.0
2026-07-01,923.0,WAIT,no qualifying breakout,NO_POSITION,,,,1.0
2026-07-02,920.0,WAIT,no qualifying breakout,NO_POSITION,,,,1.0
2026-07-05,934.0,WAIT,no qualifying breakout,NO_POSITION,,,,1.0
2026-07-06,926.0,WAIT,no qualifying breakout,NO_POSITION,,,,1.0
2026-07-07,930.0,WAIT,no qualifying breakout,NO_POSITION,,,,1.0
2026-07-08,920.0,WAIT,no qualifying breakout,NO_POSITION,,,,1.0
2026-07-09,919.0,WAIT,no qualifying breakout,NO_POSITION,,,,1.0
